"Sample_ID","Group","Activated B cell","Immature B cell","Memory B cell","Activated CD4 T cell","Activated CD8 T cell","Eosinophil","Macrophage","Mast cell","MDSC","Monocyte","Natural killer cell","Neutrophil","Plasmacytoid dendritic cell","T follicular helper cell","Type 1 T helper cell","Type 17 T helper cell","Type 2 T helper cell","Activated dendritic cell","Regulatory T cell","NK T cell","Immature dendritic cell","Macrophage M1"
"GSM225652","Control",-0.375133697354371,0.192789162744673,-0.0699759000780108,-0.224063195434341,-0.302574533763846,-0.124629760127032,-0.0154519861710414,-0.34870791362803,0.114136626542308,0.0766479143999788,-0.149093891032231,-0.0958235837960954,-0.211622783718352,-0.365449933446222,-0.344915931622717,-0.471174483804755,-0.495635048364392,-0.0217585382019165,-0.455773525602841,-0.398873009274521,-0.152368519061112,-0.13823148323514
"GSM225662","Control",-0.232124460096342,0.201504075442406,-0.0463526160528415,-0.20174302366333,-0.219973773721713,-0.0965384639983537,0.0321157357183485,-0.227565168810932,0.183876790725027,-0.0886856136830508,-0.0928477885441497,-0.0450622917852498,-0.066339141335461,-0.252172063987406,-0.266059730508528,-0.408929506715106,-0.39204243616648,-0.0839837846580405,-0.463423562237029,-0.499025808129331,-0.169245594752546,-0.259937928563075
"GSM225664","Control",-0.244336451788403,0.01806788523449,0.0594565790693946,-0.125994592032924,-0.186899031724835,-0.155610209848241,-0.080049754555507,-0.251861074039869,0.114402300000485,-0.1464610371263,-0.0868843723755391,-0.267370115227879,-0.215402053079391,-0.24120531292366,-0.33653215697911,-0.471365792670393,-0.391961827206672,-0.0578827253653188,-0.33120246753209,-0.406582610221953,-0.102975657518221,-0.129874098230681
"GSM225665","Control",-0.339920167278647,0.145176080365155,0.107036671224541,-0.22030466951376,-0.255651763946288,-0.15864943059727,-0.111161701832324,-0.398339451927551,0.146560904194972,-0.203516511893732,-0.0782588459626268,-0.17863606740841,-0.346122879198854,-0.283616540094343,-0.209096150008877,-0.35177812018613,-0.356607935351167,-0.164919724377275,-0.360446207395592,-0.515655854589886,-0.245204409230619,-0.263686247663295
"GSM225666","Control",-0.422618461345996,-0.00198911461456708,-0.0454405680009093,-0.284772439622009,-0.342463986838327,-0.207762094229105,-0.0729459628889382,-0.377331807318676,-0.03147705703558,-0.042293739465614,-0.193551580981666,-0.289631791016327,-0.268538543824445,-0.33849508079928,-0.387649677909211,-0.409694967344489,-0.43095331278003,-0.068729545726772,-0.572190111262694,-0.532451786800672,-0.200041086809062,-0.2422918549873
"GSM225667","Control",-0.313268825028348,0.00865978671956844,0.0469705612112764,-0.263688993821838,-0.274840993994955,-0.198668034840112,-0.0132443920021326,-0.3678626308511,-0.00611569092089232,-0.110536055142326,-0.186485594122055,-0.266963473597541,-0.163727444395006,-0.261981107188315,-0.341100064155137,-0.336539725869887,-0.461814147455343,-0.0766497998960149,-0.371059573177907,-0.404399819367109,-0.196261627245304,-0.233769785019688
"GSM225668","Control",-0.361416840368255,-0.0267386660206591,-0.0507554190631495,-0.332646256101568,-0.367301055898467,-0.174869354424077,-0.0962272395264174,-0.430672537372799,-0.0737666183373988,-0.121959515273459,-0.232457051582947,-0.287955819664602,-0.270792409348656,-0.412846436716353,-0.38345212678108,-0.395507582458781,-0.461206075323993,-0.0481946149273031,-0.48178516247384,-0.6628106166111,-0.270246338459385,-0.165361286371865
"GSM225669","Control",-0.356327123599686,0.0934823181502066,-0.0567135457663327,-0.277577035863064,-0.24354722855368,-0.16669882657183,-0.0029514599163495,-0.27123106262178,0.13755492443404,0.0110587928609163,-0.21642128043018,-0.147107047728166,-0.118716530424864,-0.242563927375851,-0.361373138378276,-0.436050386068576,-0.409086196528005,-0.0298370086315399,-0.486541182585408,-0.485857932193768,-0.257233037747486,-0.125704374361005
"GSM225670","Control",-0.31877652272287,0.180791311696854,0.0829198628465619,-0.19300988534725,-0.22315473559364,-0.159269998145116,-0.0526440325182648,-0.432682045068595,0.122217154406241,-0.114055645505104,-0.0932484817214222,-0.198483314396752,-0.22726331802382,-0.264904603433389,-0.342823041855139,-0.367494230452028,-0.393355956469359,-0.108959681748056,-0.440446409439328,-0.52270599897466,-0.238575621230404,-0.193160808610316
"GSM225671","Control",-0.315598455937781,0.126127437752396,0.00454995445792979,-0.277696175938523,-0.135997667028655,-0.235326700450313,-0.0634087799654958,-0.317806961671848,0.100179456058175,-0.24439401957821,-0.129420597548838,-0.298515384344213,-0.350465198600522,-0.257011456679937,-0.27453786907806,-0.423333978018323,-0.372692060047201,-0.0819213606349853,-0.274019111465912,-0.515365554526984,-0.376661957021022,-0.169087377283367
"GSM225672","Control",-0.232970347005257,0.185383096852674,0.0494755217334786,-0.157649512856904,-0.248502825268675,-0.111185727306955,0.011199018291761,-0.304339018259795,0.151854461902916,-0.0693424017840759,-0.0959260871863462,-0.103770786257422,-0.126324408917294,-0.211756624563234,-0.30130955254233,-0.34871759621939,-0.477683204569683,-0.0767940065736781,-0.444726844159366,-0.464949408257841,-0.111310418757067,-0.169239042532834
"GSM225673","Control",-0.290095977045302,0.0458982602436617,-0.0398774144077997,-0.2021096730296,-0.226561234005813,-0.153695287235591,-0.0624627172135629,-0.157753082654466,0.119345417943213,-0.173175973453199,-0.135365445426553,-0.166471102452878,-0.182139438583825,-0.236359171072401,-0.340532045806445,-0.470816183012908,-0.381991321483306,-0.0697066861710385,-0.353872554266743,-0.45274584068941,-0.191828791617211,-0.114721277615801
"GSM225674","Control",-0.321249082099858,0.164208225050529,0.0588103107398982,-0.348666781607444,-0.310460481550189,-0.0902705151474716,-0.0101235133719734,-0.470438360563591,0.178448717597111,0.00100815524618321,-0.165493360469557,-0.150983837567629,-0.208950454774477,-0.185784683294166,-0.271164169425673,-0.35606215191059,-0.423622946923122,-0.0912974287704809,-0.494890357124794,-0.381840268405103,-0.252702937908049,-0.181525062553085
"GSM225675","Control",-0.299736048338442,0.0890941731251486,0.098676670843202,-0.374084161621947,-0.246292521399905,-0.188701106547257,-0.111008254011278,-0.22843693697277,0.0619467586722719,-0.112264959343549,-0.19032313114467,-0.25966765453622,-0.216217710834657,-0.354687557590466,-0.303894306157936,-0.47195041988335,-0.402967730321144,-0.0255735176300879,-0.466270600771559,-0.439062831308432,-0.212840365534943,-0.227386492680991
"GSM225676","Control",-0.307953568451238,0.21292449255738,-0.0174927350267096,-0.119877656927803,-0.286950083458569,-0.110156146317245,-0.0283644029984572,-0.199775718050768,0.176203906558505,-0.0247521730933986,-0.189230119186231,-0.209513608521676,-0.258884432613614,-0.267219638915087,-0.293258359897861,-0.295726810809107,-0.329530678434522,-0.180258531405034,-0.322365552106804,-0.50698832414037,-0.13826495522906,-0.345720670318279
"GSM225677","Control",-0.39173609602539,-0.124884661963936,0.0113008624205889,-0.272862558607848,-0.245930801129868,-0.184585746785041,-0.103911679849179,-0.332762693793423,-0.0663989097459418,-0.150769717008731,-0.183698227452639,-0.221224616194785,-0.194185473400083,-0.397914777052861,-0.351061621277296,-0.546298243192636,-0.464871454043401,-0.0370372645654644,-0.484477665766363,-0.500500769241722,-0.200908434195177,-0.161353914336407
"GSM225678","Control",-0.320524758325656,0.190890847697783,-0.0415745264843819,-0.26670809007905,-0.306471006029894,-0.115189406908794,-0.023795937659115,-0.344160363494698,0.117833785487736,0.0618823061032491,-0.136761355939983,-0.109993568289161,-0.223623470299472,-0.239621896866849,-0.37687402718682,-0.320039156512589,-0.422814647986154,-0.0849943277385778,-0.531594524583269,-0.607055918032167,-0.214299723956624,-0.132324817388354
"GSM225679","Control",-0.378822786605226,0.125192223732969,-0.0200628878489661,-0.292039363960532,-0.34949656311504,-0.127225403438508,0.0293604888517658,-0.357726917560569,0.0548618529198794,-0.0410556181929671,-0.189807888943617,-0.183804765203994,-0.181454196963712,-0.31370269530104,-0.437902202306118,-0.352216466125258,-0.315277816924436,-0.102388400909045,-0.425264021607288,-0.390923935124631,-0.247774080815394,-0.112763110515362
"GSM225680","Control",-0.321760826827992,0.133533135374645,-0.0288238864599977,-0.218218284969024,-0.383532985566895,-0.0979606498567641,0.02191720817199,-0.223132370100283,0.0943344644092922,0.0982266693853717,-0.118661860730293,0.0115863900423358,-0.365163728102761,-0.294593007280752,-0.325604673754963,-0.358434058880654,-0.408677319778894,-0.0641771274174438,-0.448341815425452,-0.244541636045291,-0.230552491784085,-0.166598804596066
"GSM225681","Control",-0.357683422020514,0.0321811540983047,-0.0324114191126709,-0.372796785484622,-0.294303670640044,-0.146399567253315,-0.121077308075298,-0.48769787947707,0.0159871060569697,-0.0645529588945636,-0.199502290628044,-0.196254379882882,-0.328455232575858,-0.305995910742996,-0.277190685058569,-0.400709846064558,-0.390513260668599,-0.0126196369452477,-0.491407074664064,-0.409929471920993,-0.241721321702538,-0.209350839925417
"GSM225682","Control",-0.316954889228488,0.0913400351535913,0.0155397038609889,-0.27745387028965,-0.22853510063087,-0.0511596895988662,-0.0560948576517806,-0.376318994252625,0.0676459929791925,-0.0573990479614224,-0.121490683803202,-0.170364060224354,-0.267408751664975,-0.333058256495997,-0.16152762642927,-0.418834369111423,-0.428295484445954,-0.033655115161707,-0.405314996214406,-0.383416181593286,-0.177720098389261,-0.151229417812107
"GSM225683","Control",-0.332452473254771,0.0757976279389417,0.0289725342471837,-0.283556812884034,-0.320798785341282,-0.218413261001958,-0.0554334841014808,-0.427465193831508,0.0748632626487038,-0.221799336682929,-0.158814322729625,-0.177851063669473,-0.336700360006508,-0.355567611955039,-0.417036569050194,-0.430508991995216,-0.51138812352316,-0.0171650841762271,-0.394988708635963,-0.410232983791072,-0.349386902499118,-0.196182711737218
"GSM225684","Control",-0.353649019273687,0.0777100014902196,0.0129892505100462,-0.283272759764301,-0.274957513509616,-0.159439951828822,-0.0661756409504947,-0.254537620412618,-0.0131513230572849,-0.0761509975130184,-0.160159307657888,-0.211509853148319,-0.269492769013684,-0.443055445766072,-0.376002928456283,-0.399803131994425,-0.403761405790097,-0.0767799238523131,-0.394471103277468,-0.318030735193913,-0.204003195370046,-0.254891563683531
"GSM225685","Control",-0.274018997605345,0.0667250349333135,0.0334105512802034,-0.275964291383935,-0.313156637039473,-0.180416564616798,-0.0150825709052276,-0.422097427002447,0.0986528045214833,-0.058360388439524,-0.210214855683761,-0.196574220733205,-0.288254969866996,-0.340614159060107,-0.335818901980652,-0.457626344799928,-0.48505289003068,-0.0728595106181438,-0.419279912181732,-0.405812192680846,-0.279014965668496,-0.147266151961238
"GSM225686","Control",-0.39585504938388,0.110319034144322,-0.0486484316474878,-0.248604261043839,-0.282158858879755,-0.154948119460149,-0.0292494899694439,-0.494068685842983,0.0943856216827217,0.0667480254649349,-0.158556057563438,-0.145170705796427,-0.256794668991066,-0.362726441464256,-0.380252227604925,-0.384998087500856,-0.425567802884171,-0.0669576282029816,-0.387524995705367,-0.323393030545284,-0.27618687409788,-0.139173108294142
"GSM225687","Control",-0.293936470195632,-0.0446638401241656,0.107705109540804,-0.350983944234991,-0.197631953089429,-0.236318483506496,-0.0294777188675395,-0.177202082670131,-0.118287906444676,-0.0829178810330374,-0.160725239893834,-0.304668962921692,-0.268934005798708,-0.42597395547505,-0.253537294237041,-0.433023474843637,-0.520510556614893,-0.100482308071352,-0.541207506653711,-0.371973716714477,-0.215120549394949,-0.162655548713232
"GSM225688","Control",-0.330879925421859,0.167569009854628,0.0218341850373544,-0.317730025241725,-0.277356777329242,-0.195064512196537,0.00102989838786458,-0.386639825717303,0.0901931409327628,-0.127502965874864,-0.099685784283819,-0.187122306457571,-0.186333446197068,-0.323749067582847,-0.321696439229865,-0.314902184361459,-0.433676545264415,-0.113886804295843,-0.493119814440767,-0.529631729046762,-0.274449897503466,-0.124105242357098
"GSM225689","Control",-0.341198012511052,0.0103163197941224,0.0486191654967778,-0.308684907996974,-0.278153736711951,-0.237505461320298,-0.067382068588632,-0.180463169911358,-0.0734940309782434,-0.206907391477139,-0.163677305578746,-0.254582189083741,-0.276399872971767,-0.253998721169031,-0.400532040046254,-0.430812892089921,-0.425943372998286,-0.0609061101800887,-0.446812991339053,-0.485623732834556,-0.275867255761208,-0.206254284233751
"GSM225690","Control",-0.323552825051335,0.0376115855828965,-0.0444707115681213,-0.217019555502874,-0.208313364634788,-0.24629201893473,-0.0773378399460888,-0.613798279977764,-0.064963487048552,-0.0890318933949409,-0.240685926148438,-0.339161663181549,-0.230804163000963,-0.385536188833913,-0.275382166846655,-0.473292791081283,-0.473781037230185,-0.0189610227864607,-0.499010811880258,-0.466623997945347,-0.207153955558267,-0.182690871687858
"GSM225691","Control",-0.338704579250699,0.15371848537025,0.0492965620287324,-0.305628786419194,-0.340637723293443,-0.112028172028532,0.0186138350471274,-0.364907562757973,0.0891275878903146,0.0254466657378693,-0.122862937151529,-0.120562651332789,-0.280282003674034,-0.269659241257412,-0.439263548328854,-0.461036888091003,-0.499948469398625,-0.0873809676524364,-0.468094424950844,-0.384042645469733,-0.24456063512851,-0.181010594128611
"GSM225692","Control",-0.277204597406843,0.245274509727394,0.0349684773640996,-0.186690050737421,-0.259674754235333,-0.153399836034782,0.0541705157492178,-0.249555360579861,0.125768604981466,-0.0283545780431296,-0.104931556977688,-0.163721756083096,-0.208947009893405,-0.185518744497572,-0.31139159974151,-0.339200156068313,-0.397776159777116,-0.135567972021198,-0.381810697143493,-0.515583447808917,-0.281448162400723,-0.141850572422869
"GSM225693","Control",-0.358287291090953,0.142132305714885,0.0355131836881706,-0.27360150230633,-0.304835071947645,-0.202215585068718,-0.0168740916286515,-0.180444509869838,0.0410271833085625,-0.182144033937391,-0.100546702848035,-0.169497079408123,-0.278583463979355,-0.345088978407979,-0.361749018482182,-0.404510997674746,-0.365566392741027,-0.0287183366946813,-0.403482986048226,-0.299425031594193,-0.281301383679111,-0.158818930242545
"GSM225695","Control",-0.276767738006081,0.141711819918446,0.106944813165496,-0.266317647038197,-0.215546380623,-0.114380613108725,-0.0651201392769674,-0.349169469681469,0.143982620811143,-0.27952265744048,-0.123655303099655,-0.14410802933943,-0.0891195854810808,-0.29975540839554,-0.230499426232325,-0.232042364780266,-0.365831769407143,-0.150796887531047,-0.385814951610289,-0.500062594068268,-0.142208484043806,-0.119442735570526
"GSM225696","Control",-0.203142123510549,0.133762494266053,0.0302848301179063,-0.287357035958321,-0.253867925242344,-0.180098695989774,-0.00866723347952125,-0.341855130700019,0.222320022159653,-0.357243312650004,-0.0509262220865008,-0.208623126015918,-0.0644224355289407,-0.281008879017519,-0.219729218898915,-0.322253486681415,-0.33804519375176,-0.0788218349607863,-0.41218826416451,-0.200262646502651,-0.190044627786168,-0.135243725001124
"GSM225697","Control",-0.281958863751412,-0.0767942102402416,-0.0511341109665982,-0.179052549009698,-0.3032001030003,-0.158869888734181,-0.0204328081847513,-0.286367585715343,-0.0413110588106882,-0.123122158516709,-0.0478029952015806,-0.356159943330083,-0.259377595430496,-0.328341901350457,-0.329384091754997,-0.491464592396308,-0.521681841150123,-0.107768846455129,-0.448360454551332,-0.348014129987702,-0.163949888842938,-0.229509153810328
"GSM225698","Control",-0.251935888496892,0.12810874014687,-0.0295337217407054,-0.268590691227175,-0.297109531110647,-0.197375242036078,0.011978901260539,-0.250830406868349,0.0910377566832453,-0.142996298698393,-0.0738759209165733,-0.21711809179857,-0.183542306663554,-0.178709644638619,-0.314749139450606,-0.382831783986024,-0.382104504285569,-0.0856597999281147,-0.419048025646291,-0.442688783761496,-0.247549185723848,-0.191315421965334
"GSM225699","Control",-0.345180830398438,0.25648619933123,-0.024943523157457,-0.166789353173264,-0.32501111717167,-0.125348070962732,0.0954013088762638,-0.378675292821847,0.149719548759734,0.0585893357049145,-0.198261623546975,-0.070227966301377,-0.130784565799729,-0.285175308259622,-0.416425230116002,-0.350618325786949,-0.398044013838799,-0.064835606245285,-0.433511834087866,-0.524635872978216,-0.257201445175311,-0.14364021501357
"GSM225700","Control",-0.361270795878711,0.114134700343402,0.0651672328502726,-0.311284624104853,-0.182771524335836,-0.205762861948382,-0.0411304193582765,-0.571276288617419,0.14186868670483,-0.179492045695633,-0.14107159370047,-0.231047883767549,-0.224537037144843,-0.227287731199416,-0.290739138546227,-0.351562544867978,-0.324750564786725,-0.0430025241396249,-0.53056252402054,-0.511633125146809,-0.1961291638549,-0.157805512966466
"GSM225701","Control",-0.376735304853409,0.0105428598077535,-0.0597089755512974,-0.297263550270436,-0.239715240010002,-0.142962069679528,-0.0085171214299231,-0.32044528823829,-0.0556231114375973,-0.0852934223806302,-0.167130008054132,-0.27364200561165,-0.210448731054077,-0.348159860458204,-0.345573452149972,-0.338681726797299,-0.378629780664291,-0.0957128590634608,-0.606671267654349,-0.494385372702063,-0.185196090147267,-0.233871791530167
"GSM225702","Control",-0.268856548980038,0.233759706608845,0.0456745521347951,-0.183766966040112,-0.175638230771388,-0.142477006608085,0.0187516989269689,-0.128481254694857,0.145176634635973,-0.148732463918629,-0.0990225621029776,-0.214836778508347,-0.163376545294761,-0.284011969722421,-0.278664753352186,-0.360277994647055,-0.383998088383898,-0.110688401845585,-0.465019958612254,-0.356602970650779,-0.162988569787246,-0.17033156797048
"GSM225703","Control",-0.295803476200208,0.113456371484114,0.0283301165446051,-0.35431830795956,-0.179965613914105,-0.125925733003522,-0.011185309513976,-0.244675163979033,0.111057610672912,0.0183328670649988,-0.149658056393547,-0.144324059931983,-0.203137208091914,-0.407029335941169,-0.262393580895735,-0.322720245086602,-0.295396430422428,-0.0874244262672546,-0.471859062745795,-0.406390547358905,-0.239031227156949,-0.304777897484831
"GSM225704","Control",-0.318557083979531,0.0709488657444321,0.0326553459599663,-0.225757499395852,-0.245117979668717,-0.220888978813374,0.00987637112062782,-0.288793454949669,0.0762516460357816,-0.261512109860799,-0.141904668311374,-0.288562295719594,-0.299159481270327,-0.227126167399395,-0.187390561438749,-0.306101955961346,-0.412688820160006,-0.17754995036564,-0.418250206947744,-0.524074556414058,-0.194458728209772,-0.259022255856914
"GSM225705","Control",-0.288018493944055,0.0431882795573815,0.000818425654551683,-0.163805907120484,-0.266489239061123,-0.17315341543039,-0.0184183061685799,-0.444632050742716,-0.0329672878777765,-0.0875864460873701,-0.130730837183903,-0.215148860248903,-0.18247713994002,-0.347098989536361,-0.388924755523564,-0.385159590132574,-0.372619082799387,-0.0743382141547828,-0.476013838747649,-0.52751668573133,-0.209781295074522,-0.175546907932735
"GSM225706","Control",-0.416455310358338,0.00156806793431296,0.0155990665600225,-0.278849142242667,-0.319856492786308,-0.203474911319864,-0.108108185763496,-0.332910899841655,-0.0526564665962402,-0.180264060222006,-0.103522446494359,-0.3122851442313,-0.263325806327165,-0.282529078898817,-0.345898085866904,-0.529999177238571,-0.365867481012765,-0.0923734477342967,-0.446124209374384,-0.417617718077197,-0.245716642933542,-0.201096670121868
"GSM225707","Control",-0.380495258522006,0.146937849344069,0.052968838090003,-0.351006618155997,-0.253102454103078,-0.21919598765823,-0.0689923387440405,-0.435056768906008,0.0779790501976088,-0.216791455440617,-0.24435315695281,-0.233999861657453,-0.330631916047876,-0.37607998686502,-0.165513231969464,-0.328086014033538,-0.34364823229675,-0.134014704578235,-0.533576298324477,-0.517273240654629,-0.235743880362158,-0.235808433726751
"GSM225708","Control",-0.305911671739736,0.20803946832722,0.0167229311053251,-0.226974892247528,-0.238699561473715,-0.0715101172826422,0.0240853268802259,-0.294180422942211,0.0663146841085926,0.0184200617197244,-0.190440190824037,-0.134136515837331,-0.230017855938085,-0.411196444090063,-0.166385011943383,-0.352878954783496,-0.47702396943519,-0.0693834998270099,-0.396937601676324,-0.448154530851658,-0.142667332225022,-0.245087357241236
"GSM225709","Control",-0.247945281166459,0.0642612433234184,0.0244996430274994,-0.272303694782368,-0.211686394959716,-0.162097510332245,0.00820749247077082,-0.2862523395372,0.104384817129831,-0.0130641730383426,-0.210447858575278,-0.234851164702153,-0.239112570381286,-0.359625698776711,-0.232432099665995,-0.353224976971782,-0.340843497017703,-0.00335287431863434,-0.448537579332401,-0.514619068650949,-0.238546207949401,-0.144661730376044
"GSM225711","Control",-0.24857321478274,0.230990652553854,0.019862508967368,-0.28794651496957,-0.251418280603103,-0.154673876896286,-0.00412119207913195,-0.43337217435723,0.112380072451161,-0.289400787755128,-0.0581981055716698,-0.111939718185811,-0.0579928711493301,-0.251947468802201,-0.314778567272184,-0.347676095544684,-0.361281965770627,-0.158847487198283,-0.379076230465144,-0.370679113696653,-0.24610954999143,-0.0613715548131657
"GSM225713","Control",-0.297096327993407,0.185761907999181,0.0159383834874561,-0.221816400751856,-0.249913180212287,-0.110623500087418,-0.0072507294929979,-0.249878058434876,0.165296812314284,0.0583027801526645,-0.159624663086096,-0.174689523347105,-0.229846831293423,-0.312681586246911,-0.242513013976786,-0.441446196419667,-0.409650493117545,-0.0926938919484946,-0.489240732649629,-0.34482052360754,-0.157748351319766,-0.150427954677584
"GSM225714","Control",-0.319539655690169,-0.0894983821679836,0.01721649108317,-0.365466075098257,-0.217453629217333,-0.22111790780055,-0.150593449851698,-0.382832376939344,0.00260351229187965,-0.219705570757105,-0.14958162059658,-0.305552324660567,-0.277092984351944,-0.350279120071458,-0.285775963874599,-0.383792562588347,-0.451556879048253,-0.0625562826668606,-0.486316169778217,-0.53017085773501,-0.19289624161895,-0.162572462040997
"GSM225715","Control",-0.197559695327522,0.204338643828869,0.0987678623368299,-0.191202830601484,-0.137014184242276,-0.147673765300408,-0.0497780133562092,-0.233209237945182,0.126999232018497,-0.329521723734259,-0.0723785274582642,-0.154528622773585,-0.165273388233374,-0.327976950719162,-0.0986067191071252,-0.410706489670215,-0.339599320237745,-0.132981072855547,-0.262117551252557,-0.503504723385541,-0.132561352700171,-0.119707807285531
"GSM225717","Control",-0.359052267464832,-0.078263375715935,-0.00303550261294406,-0.222397990232362,-0.206359139969113,-0.205176111648542,-0.113938082649156,-0.471031830722926,-0.000624980977187039,-0.184101665658463,-0.140988487101846,-0.227837074001599,-0.251286795037244,-0.379065269270853,-0.266764286214132,-0.430320845209887,-0.394362594168649,-0.0468604233054954,-0.494362126809906,-0.532949444051362,-0.202852409071441,-0.205735973131711
"GSM225718","Control",-0.31779843586513,0.217765066222267,0.0423319391745544,-0.172891895379349,-0.317208277662393,-0.170201378982301,-0.0436269478722021,-0.3352910147895,0.0999457807387546,0.0128117360539176,-0.109230472128497,-0.154577549480161,-0.226218478201091,-0.303973196672078,-0.37578735840325,-0.503293457115466,-0.478388643592833,-0.0702903913421001,-0.480606935329171,-0.413854928250555,-0.141470613098463,-0.20544916394494
"GSM225719","Control",-0.31705415738576,0.0703648310742809,-0.0526832324440167,-0.272009162808496,-0.298648408448685,-0.216938528230063,-0.157606948017575,-0.45969127051241,0.0385746552754891,-0.123812119099529,-0.0901730748161233,-0.237257768271738,-0.281677959734979,-0.420495074981919,-0.278812825485266,-0.512653972876614,-0.480104208771727,-0.0585921418675918,-0.434193266135019,-0.367809978864011,-0.198911773009715,-0.205874436485076
"GSM225720","Control",-0.259005455951918,0.0755124019525557,0.0962342903207942,-0.199642870330717,-0.188556049532983,-0.109322372115851,-0.00385662622461985,-0.38365847729627,0.0896087387560683,-0.199600742437653,-0.0213984465152326,-0.222536718824492,-0.106121570173894,-0.214090575465429,-0.310865582283227,-0.364490936345463,-0.52172189798944,-0.0927285708424807,-0.43131520789493,-0.454469361755793,-0.134712276968352,-0.12554829470367
"GSM225721","Control",-0.23926506120627,0.112241379594683,0.00153170417876574,-0.34040816564972,-0.262900257469264,-0.159709801257539,-0.0654223161890985,-0.227579265081876,0.127709029686137,-0.152207512671574,-0.14441432309726,-0.148728570510515,-0.30906671753941,-0.286969399104376,-0.305653231739229,-0.315025756562952,-0.421027962232674,-0.0260701766559546,-0.41319156077828,-0.594765669398057,-0.224801707461566,-0.0915975661874568
"GSM225722","Control",-0.348669882012446,0.155848055275554,-0.0634782675095547,-0.332344046800005,-0.322301467762053,-0.142307510331992,0.0442578507365097,-0.25050484885743,0.0951867761062952,-0.0670946093356442,-0.197529048754359,-0.190111172727745,-0.212795815189567,-0.428066205744958,-0.408547594607882,-0.465415419488471,-0.435354588475406,-0.119594921836252,-0.559151905949627,-0.397173714992206,-0.298306894675305,-0.19152150446962
"GSM225723","Control",-0.361101303375434,0.120525691272284,-0.00722679512320563,-0.317382311068204,-0.255683786377929,-0.148453649940231,-0.0406303936944369,-0.312643181141269,0.0869427099096129,-0.0806990547241454,-0.236763114143816,-0.244908943779164,-0.205440976276195,-0.32425445436385,-0.412719306902152,-0.371819484248058,-0.467507503381482,-0.0841368095080684,-0.472886509669407,-0.509557638416055,-0.245425670787582,-0.164897303480148
"GSM225724","Control",-0.331070578053488,0.223545965778438,-0.0368326147807328,-0.174370128606792,-0.269697088940396,-0.138067910609985,-0.0482752368194782,-0.393265569939451,0.133838418995846,-0.0245409920737358,-0.121718045758028,-0.155819393307421,-0.107646240255882,-0.342621377421661,-0.367423377237113,-0.446175937866307,-0.493044343717418,-0.0873497993349551,-0.455265258046267,-0.313697846257383,-0.203505234939983,-0.199646242001342
"GSM225725","Control",-0.287889336107196,0.149317009958258,0.0283609378435865,-0.313785528417195,-0.264582582301744,-0.167562589537408,-0.0160947483319429,-0.340022678555714,0.109789445316283,-0.143082405617676,-0.142158802954324,-0.286441552759076,-0.262335260328828,-0.350537063381723,-0.360233149259037,-0.425132679960587,-0.3314073669871,-0.0896851415308995,-0.613155601760612,-0.423466047424337,-0.128389467297695,-0.0872169777658591
"GSM225726","Control",-0.297152131059218,0.215671084261029,-0.060826490970552,-0.239129284299461,-0.290175404378609,-0.0297071054591505,0.0198278070036048,-0.315481341716759,0.0989192175042514,0.140460756134128,-0.171754256672607,-0.0561732356237785,-0.264255937689387,-0.352249571476745,-0.390509429976299,-0.391393512979377,-0.501588679402177,-0.150283819063821,-0.3902189280981,-0.342172731301891,-0.192384295339412,-0.170977370605919
"GSM225727","Control",-0.287799546789552,0.141787277834759,0.0474103742953307,-0.22722272199992,-0.27753052971226,-0.0882778064884847,0.122202108588049,-0.462904528286355,0.189860130584931,-0.0023420671474684,-0.116496074405927,-0.207073156546041,-0.426157424688557,-0.431055234359833,-0.343044476327203,-0.38327907393867,-0.455506246273263,-0.102960262427427,-0.484112895437194,-0.235460999660058,-0.0785865772025748,-0.197793322146511
"GSM225728","Control",-0.343863748478729,0.0757999953138762,0.0684066973934925,-0.352986405321928,-0.262550508597361,-0.121000076933037,-0.0145663270192437,-0.306136546516279,0.105771229938517,-0.135817833993061,-0.14623697907813,-0.273539877343704,-0.244598631261596,-0.375319763175587,-0.279757318254126,-0.432348098525742,-0.376744939487305,-0.0603517777863731,-0.546599121234148,-0.479544341714833,-0.161221458381487,-0.266820988705162
"GSM225729","Control",-0.351010992701739,0.162177285939658,0.00446691290524222,-0.462090387897478,-0.232808488588185,-0.127632308823414,-0.0174396160293959,-0.231834492419031,0.138186952530212,-0.0560622935620416,-0.124745661414242,-0.172763895117725,-0.055307705456716,-0.280392162534658,-0.271302180543248,-0.345519176870565,-0.342448089781333,-0.0261255372646733,-0.531557899020006,-0.450770830334339,-0.24422022375423,-0.317071350765075
"GSM225730","Control",-0.252548241499085,0.0477690475644111,0.0652910529751772,-0.265685293932701,-0.107631534784009,-0.18382911267748,-0.0696318468719606,-0.197356292040698,0.0456861480249571,-0.327510098371945,-0.15849878248467,-0.125370500668803,-0.298617519284,-0.249661239293181,-0.205709106928429,-0.416585633134869,-0.390052628587678,-0.0562132281625546,-0.44884685159947,-0.498652565191314,0.0413708578011951,-0.23962605019759
"GSM225731","Control",-0.302814993625297,-0.0462941774933256,0.0704301552634758,-0.321553280004817,-0.307930870450232,-0.222587756191674,-0.0280498717253791,-0.329095442100572,-0.0374852116127371,-0.185798773700364,-0.186694473257895,-0.31370418611781,-0.370629915213939,-0.294579204240069,-0.351935164212168,-0.244677022870937,-0.337898107846475,-0.0826327843495307,-0.285860230513679,-0.450524187134792,-0.244619781764691,-0.205348581393429
"GSM225732","Control",-0.397627598605104,0.0886110775131061,-0.079184030369722,-0.294188605357286,-0.285590583902456,-0.157090982221905,0.0104499409368396,-0.444046475571044,0.0834649742436823,-0.0296501376881811,-0.124329736529365,-0.265741475126051,-0.283070607055504,-0.282095910784006,-0.329373367979088,-0.558733357098133,-0.489521282761352,-0.0363083001116362,-0.42851608387354,-0.3162941617157,-0.231011065510889,-0.255638595613259
"GSM225733","Control",-0.33641728862854,0.043296887231699,-0.0464969567964078,-0.258203256000303,-0.280054333924544,-0.139718681021539,-0.010691735471102,-0.349484454228803,0.0419993457340905,0.0182411685818202,-0.146042308079972,-0.200332286638777,-0.258073901034702,-0.411715780497021,-0.337732009826708,-0.328826953783204,-0.43180188170559,-0.101629336959339,-0.391338282637098,-0.390846820958454,-0.227772698253547,-0.242234958738593
"GSM225734","Control",-0.284311685124355,-0.0425031184919916,-0.0413185031253475,-0.289978468424037,-0.25302679251681,-0.141018634767752,-0.0805014393053549,-0.245212405723295,0.0404159756346909,-0.143802158495474,-0.208010623316649,-0.275954908638859,-0.178746611122913,-0.339765630947647,-0.273244830406835,-0.36117661798634,-0.354830852155586,-0.0836845328192597,-0.302563456362367,-0.518600326656468,-0.178357333887089,-0.354422913451885
"GSM225735","Control",-0.395299322677119,0.132146809170582,0.0104012545510305,-0.289841627576393,-0.264679210582856,-0.122161184042951,0.00600423457267127,-0.328111039867224,0.112175095130416,-0.00689989178027599,-0.207056867354108,-0.212711142381205,-0.170775408882391,-0.251403911442701,-0.402042303389903,-0.38519099854024,-0.314174086211692,-0.0389213009132009,-0.551244204564986,-0.536225687618404,-0.237568704005474,-0.134553953870904
"GSM225736","Control",-0.356091984913957,0.0804837317378314,-0.00431260619836511,-0.336243030622986,-0.164916908948563,-0.179657057327922,-0.0496639199931043,-0.2288213305222,0.0655903976616064,-0.10283960108946,-0.133570041659148,-0.217802054713899,-0.218072485973164,-0.382369967241807,-0.200077451063894,-0.419042272206785,-0.256305458061442,-0.0651753886340206,-0.427982121142563,-0.560002746065228,-0.207219859928075,-0.267280444642065
"GSM225737","Control",-0.326470683838501,0.103666251820376,0.107831901441153,-0.245587768472569,-0.229279730668042,-0.149248865872117,0.0490901492590493,-0.0473339805884004,0.0881525459098211,-0.17764435063217,-0.095391036714831,-0.227284710460107,-0.103358597754245,-0.295440163723564,-0.378750735982453,-0.365979885427358,-0.290881717627914,-0.0687840236513777,-0.43096990441544,-0.475290601721899,-0.125300558871809,-0.302278234294586
"GSM225739","Control",-0.375481124218933,0.0658697265348652,-0.0877006616670343,-0.351636060338115,-0.254825648898833,-0.127029185880124,-0.0166597485665167,-0.21915771491895,0.0466732118698877,-0.1383401797577,-0.140404498605277,-0.232069643121219,-0.209705564317678,-0.35810376793825,-0.22961978505063,-0.375379000571744,-0.38913007524915,-0.0956542357489682,-0.549612895538085,-0.46847540326493,-0.216230257437418,-0.219078381300994
"GSM225741","Control",-0.332174138843698,0.0554307275988422,-0.0726499012374913,-0.344987595267593,-0.160919911093479,-0.132607687045536,-0.0856566229822376,-0.268172693200528,0.0964903835216506,-0.216758109461574,-0.142150900568562,-0.234675822559598,-0.188366188874675,-0.237651101692594,-0.277784948786998,-0.458130448274462,-0.346520215607857,-0.0561255757105852,-0.459822680604087,-0.420001286081875,-0.159872679297426,-0.241539959865583
"GSM225742","Control",-0.402904059898208,0.0359394696141334,0.011056533333063,-0.330894329879502,-0.240151792246332,-0.149796102229302,-0.0866018039470615,-0.299270030656346,0.0138907946518956,-0.248074081900813,-0.179965686903457,-0.324793787579636,-0.277434093109924,-0.36884281469538,-0.259717094038976,-0.358025553449472,-0.365795358877588,-0.0639854177716614,-0.496754358254968,-0.436755835843335,-0.223524939406159,-0.336076218601965
"GSM225743","Control",-0.245562580623306,0.136491962177113,0.081840085848674,-0.166381246963415,-0.232193312951328,-0.152748069252041,-0.0509121394157307,-0.446959924512275,-0.0127835825258928,-0.117670790796337,-0.117160586350033,-0.14775613999361,-0.136835344897062,-0.314760808389669,-0.140941490519024,-0.229968221282203,-0.348127480036509,-0.0514396380002756,-0.353921897139264,-0.440325512267835,-0.212556708258136,-0.121311847663624
"GSM225744","Control",-0.313050226588572,0.0919748470939814,-0.0690107492450841,-0.3183608699725,-0.17019588441926,-0.13637123285358,-0.029262051734353,-0.335058545114138,0.0541818547396693,0.0126949254857832,-0.160609466017386,-0.246862976630572,-0.173083592576419,-0.319244656654545,-0.282165263463516,-0.436541242350324,-0.447289332959231,-0.0281438684507969,-0.479809180049187,-0.549529821127915,-0.12952509680717,-0.176591910119985
"GSM225745","Control",-0.381577587068643,0.205953085919052,-0.0793851615529989,-0.274894803235989,-0.213157011640795,-0.069110610031854,-0.0190117428486686,-0.25553657419409,0.0569213902408911,0.069423589445085,-0.150131648985709,-0.0744123723626513,-0.194665234032121,-0.206024365226163,-0.307107601416766,-0.373359499937124,-0.367076765224009,-0.020081529744315,-0.564402094303864,-0.472975126118562,-0.174590377030664,-0.219293486264073
"GSM225746","Control",-0.40298004030662,0.112808441675378,0.00219525797429915,-0.316028088701119,-0.242112683490678,-0.188655355488368,-0.0502057282370341,-0.276026016325034,0.0801515705147011,-0.0958689402798932,-0.207284161152016,-0.190737734614357,-0.176477244274794,-0.346204578529773,-0.340551838373413,-0.480071665592622,-0.296270594517168,-0.0172656361670014,-0.472382797603659,-0.403939612644145,-0.137680047421857,-0.185284060262516
"GSM225747","Control",-0.226782564093664,0.189271774392894,0.0880450285734231,-0.335656659450741,-0.320919208821538,-0.117735075870182,0.0334180856216785,-0.381128145678334,0.218461434000372,-0.0392852693346872,-0.11952441854833,-0.157456501563061,-0.189998209316585,-0.179607714343548,-0.295082682119365,-0.478975508155671,-0.418439643060709,-0.140426518614573,-0.504572237837454,-0.446951591896429,-0.170971704817712,-0.143740113787456
"GSM225748","Control",-0.367501714363072,-0.0654033540055269,0.0454390160742721,-0.255660345984783,-0.229116425669484,-0.167991663741773,-0.110127278575915,-0.341774918415101,-0.0130165049947376,-0.165277470067686,-0.142456097784486,-0.250931826857949,-0.338054469876121,-0.353150995617433,-0.311823987818647,-0.387358772073193,-0.429870846052337,-0.018567821920505,-0.405351440249704,-0.444429312895554,-0.159469655295304,-0.155539610041007
"GSM225749","Control",-0.367628653024383,-0.150065576612841,-0.0129186684327108,-0.376783297801367,-0.233280678593142,-0.22127597754194,-0.183117353450384,-0.31474760072874,-0.0543677865804277,-0.272701888260243,-0.062645893044985,-0.372679030119996,-0.253362463360983,-0.263978141911106,-0.294535536247787,-0.463192364225289,-0.394129748338199,-0.0565274754431699,-0.46955044405477,-0.451713173749894,-0.268313250583232,-0.223524692052588
"GSM225751","Control",-0.28915738637232,0.0391046321954265,0.0633278200926233,-0.27208890172019,-0.325128372641012,-0.213237076959251,-0.0951073007489908,-0.238693913192683,-0.0138273457702417,-0.359786639999907,-0.130835036834926,-0.314331433237755,-0.0581817053728726,-0.324820711269181,-0.417060772261305,-0.361320392539718,-0.362319187733628,-0.0322595252058144,-0.429800414759123,-0.450635078089786,-0.23131628953671,-0.149344953355087
"GSM225752","Control",-0.330792905672447,0.191568021019752,-0.0182685854014843,-0.262772803275752,-0.246838788842269,-0.0920092513079953,-0.000747401946872729,-0.427091726135206,0.133359380522866,0.213038087767273,-0.168766786518417,-0.0545255396771803,-0.20049017440617,-0.262185054396768,-0.283734483505327,-0.428815141227378,-0.483001623086324,-0.0467921472775099,-0.470816952453037,-0.445991957672989,-0.0912954121525395,-0.200068550372812
"GSM225753","Control",-0.278826689317137,0.183151609642696,0.0908135728136491,-0.235912348252152,-0.191301583636506,-0.0865110624212678,-0.0622376277324734,-0.370406638483933,0.0131017782528651,-0.255688235414406,-0.131184017517862,-0.185457812276953,-0.231943778254301,-0.284157731409824,-0.179671056071471,-0.37221751404786,-0.370336813430117,-0.127888918833205,-0.392429485777411,-0.468107849457224,-0.212088770423694,-0.196749152054013
"GSM225754","Control",-0.330939186236356,-0.00570164925963178,-0.00413393804044174,-0.358024287146176,-0.202327267811278,-0.173231796087177,-0.109012458833833,-0.344388863848991,0.0447884370753016,-0.252565674237762,-0.167783255018111,-0.176177442526004,-0.106032121751621,-0.343544019462914,-0.145474991998387,-0.572776320112636,-0.223956775785308,-0.0794349976224713,-0.564467613778759,-0.443510723039524,-0.21365772320412,-0.1985079981976
"GSM225755","Control",-0.331660467926043,-0.000747613004931396,-0.0374698549875613,-0.360257704131943,-0.294585724489854,-0.17307406549521,-0.0552217932706972,-0.30760616104511,0.0138607328943494,-0.08901837798333,-0.149009840873286,-0.233395198507543,-0.198742684909021,-0.274664377265142,-0.28089509646141,-0.506654501461737,-0.415583814808213,0.0185516808604237,-0.494873438478516,-0.465967625009641,-0.224183323388475,-0.182002929026527
"GSM225756","Control",-0.32269872887557,-0.0187183731104282,0.0254342563294069,-0.316766701888439,-0.271611440218,-0.111202131095388,-0.0782992537955037,-0.304843022899667,-0.00292084218427911,-0.0977007535670518,-0.134550272166761,-0.276716870051439,-0.270377000054982,-0.406326933759547,-0.305070668733008,-0.492553708382447,-0.399922454269336,-0.0807349009740353,-0.485175177285998,-0.489290172420536,-0.203918335261471,-0.237201139695618
"GSM225757","Control",-0.287613542024181,-0.00264198450982135,0.0810273074130791,-0.254084622942906,-0.12561728476476,-0.120720039834541,0.0523607411721606,-0.1414693234047,-0.0946363583524181,-0.160331417063389,-0.110956077500813,-0.22215760892225,-0.0902981396304296,-0.287908092297216,-0.152049795198804,-0.331091247459066,-0.342974084220217,-0.044165801299297,-0.412859872704336,-0.483225190419926,-0.273495264169613,-0.135270598038882
"GSM225758","Control",-0.348931608956468,0.0379978464286115,-0.0306841764215729,-0.227509705647316,-0.302485603542727,-0.186598070141773,-0.00268825827456845,-0.191114207466711,0.10437587349192,-0.0591867386836953,-0.180487475428307,-0.243839357128564,-0.223890230244212,-0.386767662916399,-0.304546854692639,-0.547161477794322,-0.43617593416302,-0.123283968807262,-0.424073462135358,-0.422194216675255,-0.25859149841265,-0.0955366972226957
"GSM225759","Control",-0.323181045090488,-0.043357780801185,0.00614666696598053,-0.373604802223185,-0.260906262887616,-0.199451428425421,-0.0649380391412819,-0.547162266723825,-0.107710121615034,-0.158741224577952,-0.0981177194018753,-0.269078819390255,-0.276407029218791,-0.359290126045388,-0.365103133544662,-0.525221935377924,-0.345672140531146,-0.0734978429933029,-0.542258180264258,-0.417580184163881,-0.176617548388449,-0.228561389345164
"GSM225760","Control",-0.407254946965073,-0.112908342951883,-0.045777009392798,-0.393803827614645,-0.280515239819114,-0.184990255946555,-0.144262976607098,-0.308302124625095,-0.105126522571263,-0.151513095611437,-0.187156979690608,-0.329646198826384,-0.271989572049073,-0.401428557564783,-0.339516300081046,-0.489225478387692,-0.457995665788119,-0.0193156442195372,-0.540963726375721,-0.394943028719539,-0.245705206704632,-0.249809347778556
"GSM225761","Control",-0.35234694733463,0.148249922314436,0.00609537086433598,-0.260805064826751,-0.231300633866891,-0.178215848669057,0.00851958751020831,-0.287579232143204,0.00467866927327002,-0.196416247327555,-0.12699018978789,-0.192847341572594,-0.123881279493489,-0.27082594446631,-0.320324233548643,-0.451956639133395,-0.405538388628368,-0.0696897198178324,-0.471336877099085,-0.381968564439816,-0.236298583317454,-0.122635286656897
"GSM225762","Control",-0.381276884280702,-0.0980424073473587,-0.0532699489742337,-0.287693635446704,-0.200783467802453,-0.10058377157629,-0.0895608583511263,-0.295183462637204,-0.00975204106905444,-0.125710281022378,-0.155233124662956,-0.305807306521783,-0.305055149200507,-0.328675900875584,-0.299773372976583,-0.3836880129336,-0.391936693945498,-0.0274536967217636,-0.5137021754071,-0.462963752505717,-0.227287848446813,-0.174177393461142
"GSM225763","Control",-0.357160882274465,0.121529922436394,-0.0684242295804964,-0.224614741366124,-0.232106759745512,-0.163064809884697,-0.0578598944765682,-0.300614835876655,0.154682585665632,-0.150386597649406,-0.112240611120974,-0.256630230428298,-0.243302636308545,-0.31975929681094,-0.339416080291787,-0.448741696048417,-0.385539762677644,-0.0251483560852653,-0.430560784566605,-0.414065689701402,-0.207760227748218,-0.182692347059354
"GSM225764","Control",-0.156343895295256,-0.0983258702866472,-0.0486759603997781,-0.229741557520243,-0.219241015956072,-0.151974769143986,0.0806256118184972,-0.15785534174151,-0.11962752383013,-0.00636611922621379,-0.169174695638796,-0.297409356208988,-0.210309882751064,-0.205151068384605,-0.181898199680055,-0.369305769185804,-0.213245563460985,-0.097584065386982,-0.246728727778508,-0.363060429048445,-0.249372379808006,-0.281725375627971
"GSM225915","Control",-0.325835444451951,0.0267953218375562,-0.12068071700878,-0.238242553203532,-0.311442750871267,-0.161144372499939,0.0158338741426023,-0.323996018785404,0.0566447966532775,-0.0110639815947374,-0.141138883883799,-0.195053032210752,-0.242576408082691,-0.300009878749854,-0.418036396921564,-0.518978082560563,-0.429555648803849,-0.118396228650983,-0.576073010069701,-0.477707390356981,-0.178857755340229,-0.151711141125788
"GSM225916","Control",-0.345667998966579,0.00999731452478896,0.0263725345434731,-0.311120300730406,-0.260857328496091,-0.202157612476536,0.0121660745955664,-0.29635102318873,0.0881661583035062,-0.119550856490697,-0.0875392945092375,-0.321322049966177,-0.1676782387894,-0.449479427855941,-0.242428802266769,-0.455973321274537,-0.397897053588026,-0.107406323333441,-0.541843440681147,-0.3082672650814,-0.181116684227719,-0.108390955493623
"GSM225917","Control",-0.381894022152436,0.151743782041984,0.0551830961698464,-0.322673045411576,-0.297086285840598,-0.187257886541305,-0.0191443731449565,-0.324744810594705,-0.0311971254216695,-0.0949906445200993,-0.164212546650083,-0.217945490842308,-0.272042596077655,-0.25659930338181,-0.405786784161831,-0.481606727707335,-0.28631307273574,-0.0338141922321309,-0.574929755233552,-0.434450599883794,-0.243197525309176,-0.12078799801492
"GSM225918","Control",-0.194951076435655,0.204543875904098,-0.0367223237916276,-0.174308226075513,-0.298868451827767,-0.170247932684467,-0.00371914690260372,-0.251671471257113,0.0851578651912827,-0.0429191270957298,-0.17930418145282,-0.301223808271518,-0.127995901036829,-0.363245855719497,-0.325127383125994,-0.400427625039794,-0.415511554205562,-0.115379790624003,-0.270909674459632,-0.416809882270441,-0.190960530631112,-0.162756438548819
"GSM225919","Control",-0.376586131283019,-0.0318232627656575,-0.0480975469147722,-0.291134449605483,-0.260095747565303,-0.240894235298972,-0.0950577192028843,-0.293321712632595,-0.0601875836751876,-0.31209543620349,-0.151179813738439,-0.39051874659199,-0.232696410637737,-0.411548666724976,-0.303530607169098,-0.391235174746207,-0.372159773883711,-0.0548255995668889,-0.370091731867989,-0.45332841742758,-0.202784737606361,-0.190511840959573
"GSM225920","Control",-0.335769821587448,0.0137115537627269,-0.0337136144080847,-0.346191466978217,-0.318522788695437,-0.164491852864266,0.0130355258152701,-0.132875856259531,0.0261399781367442,-0.131470104876724,-0.161671099877306,-0.330078404890062,-0.15361232054904,-0.253006070854569,-0.365164556026965,-0.444524811259345,-0.422001560979265,-0.130755635908086,-0.442957265068979,-0.529092600358515,-0.171685040584178,-0.153560142163882
"GSM225921","Control",-0.355079310804315,0.242751060366748,-0.039877524319656,-0.131563754047845,-0.251176348451607,-0.136459055186983,0.0486072066380074,-0.325536051709107,0.174229971075213,-0.0427121090954257,-0.159962382006667,-0.231539008296508,-0.147079371399281,-0.2202387113359,-0.320142769551094,-0.363192045245148,-0.374204369802901,-0.173703707700544,-0.312873975764602,-0.397428234038296,-0.16632755754932,-0.149075012685502
"GSM225922","Control",-0.329764856115294,0.181484432480758,-0.0552076454544494,-0.35357427136261,-0.298840220723752,-0.177385284557284,-0.0582353560074857,-0.295903469490436,0.106689067190996,-0.0638067934669658,-0.120317907949167,-0.208674771907725,-0.314838715017335,-0.284118999131293,-0.333864762974091,-0.393789325854571,-0.339368070763227,-0.0693503036463515,-0.57145674046117,-0.439196396945256,-0.290823656869371,-0.152499324162155
"GSM225923","Control",-0.343573734349549,0.284800326320639,0.039697428340405,-0.16260449757955,-0.310454494255317,-0.0438935249614344,0.0608066376593874,-0.238419152688982,0.193393958887921,0.239572439763086,-0.127470206513772,-0.0922141983142674,-0.168023247864344,-0.264379432946484,-0.385872894772875,-0.29139291340428,-0.333930859564366,-0.09398413844592,-0.447716901752704,-0.335255885770291,-0.129701167656266,-0.162579188337894
"GSM225924","Control",-0.287649825331266,0.13190145961333,0.0237022266543651,-0.247212505386089,-0.26298529261338,-0.160466885481705,-0.0626363818606628,-0.234068806535562,0.053114059575114,-0.175458395159657,-0.0276733119295448,-0.260652035680872,-0.116537145937282,-0.268312492803609,-0.350362427715151,-0.363134366416365,-0.338768695724697,-0.0709506533144273,-0.401233806580627,-0.426518641298638,-0.160475531043091,-0.15094685208896
"GSM225925","Control",-0.311194080544718,0.214210619156525,0.0684086780121549,-0.191647952913088,-0.308583037991443,-0.169037438701087,-0.0826895309842073,-0.188964493628051,0.213439905289714,-0.474026849826187,-0.160265130025152,-0.222176724949247,-0.23856044093777,-0.410685748155727,-0.373915431597471,-0.279841012968532,-0.325675417933286,-0.0794721145078318,-0.149273125607265,-0.354817442667601,-0.0945904198028373,-0.0494409307603888
"GSM225926","Control",-0.223098136427863,0.144523547506992,0.12779719961634,-0.238895543461096,-0.256216716873349,-0.160137443934095,-0.0731820136700929,-0.211969728951863,0.152076019524664,0.0255114040435296,-0.20696861104074,-0.228117338893866,-0.283713736961014,-0.18804448764182,-0.272087323406657,-0.295181679326064,-0.531666250818049,-0.135862734820393,-0.391955469234536,-0.508273938704652,-0.122780403002883,-0.335548762353548
"GSM225927","Control",-0.300799439661579,0.124558927916101,-0.0153695806954208,-0.203946918057071,-0.196779780754727,-0.139480188659983,-0.0152754807647367,-0.248431345168777,0.160184304892826,-0.0165981700488925,-0.15237509176249,-0.20113184322466,-0.291882229368409,-0.338853438603162,-0.228129174075797,-0.252619782452046,-0.460252362401527,-0.117555418779626,-0.304272773093455,-0.351047572866392,-0.0955669014114591,-0.140029739955834
"GSM225928","Control",-0.327489293806897,-0.0876578266119827,0.0204908834625433,-0.337059324756105,-0.308779835640678,-0.206338896124575,-0.0518676899519576,-0.472517990099803,-0.131543071979886,-0.152994042994454,-0.121876608628998,-0.279317963978489,-0.122221774723083,-0.356709796562798,-0.330889648170941,-0.425266322840057,-0.550074816855767,-0.075021920306132,-0.479687443554848,-0.504006512167481,-0.186983505707684,-0.224653648944602
"GSM225929","Control",-0.385369073865377,0.241101756082915,-0.00211440235753018,-0.163747079776441,-0.29707343562163,-0.0919333949207613,0.097056491627152,-0.330009760972589,0.125244408251351,0.174624054111576,-0.210621475261432,-0.0919735239083562,-0.184969169651004,-0.329438208814174,-0.390155451388421,-0.409141127160302,-0.45288114554674,-0.0741767355561642,-0.45290795676294,-0.259927579037848,-0.287017096875179,-0.155088936313588
"GSM225930","Control",-0.319449695285897,-0.0135147772549726,0.119001061895546,-0.233983613411861,-0.287135159363067,-0.145832440243167,0.00110701019058476,-0.483809310694878,-0.0501887193545939,-0.104340616358871,-0.127639878531626,-0.185943694301892,-0.153940177144248,-0.385966527228401,-0.279806201109713,-0.400967002370231,-0.368997575150699,-0.0594103622245699,-0.415519887433466,-0.347011889065261,-0.199730869316692,-0.251457019713939
"GSM225931","Control",-0.363770514069102,0.184459913641196,-0.0403726892177953,-0.275461717409854,-0.158526456802707,-0.227854248589127,-0.0493199857298739,-0.240230590399817,0.0131607160306128,-0.510489128197991,-0.260467402822138,-0.140729982842164,-0.137959764518362,-0.260965440134576,-0.299733545029584,-0.314738897310385,-0.333049140737653,-0.107323465307734,-0.531640846936628,-0.239636353634249,-0.279273427825011,-0.0981114271709856
"GSM225932","Control",-0.243609841170323,0.0823647484410325,-0.0659841859057081,-0.230161983647505,-0.242721671980927,-0.120144085998079,0.0345763448358817,-0.363933853273316,0.0421211908187433,-0.0664332740703061,-0.202921381418982,-0.202822699969299,-0.199223307604616,-0.170518326492816,-0.333006638398426,-0.47151398293836,-0.475676628452308,-0.0807148848698549,-0.444980143189777,-0.304680524543744,-0.176315269929797,-0.273927898405565
"GSM225933","Control",-0.171836292779419,0.158505072567621,-0.0168185771687696,-0.183855829714633,-0.227533220885055,-0.103220205465294,0.233722604874615,-0.0990223485042854,0.198079797084622,0.188004938466097,-0.141959775935493,0.207621888382441,-0.343391499119867,-0.222229231867885,-0.266367841276183,-0.449662164502437,-0.506125948398249,-0.23398128323443,-0.374989279704949,-0.511425767959022,-0.11208842779894,-0.186188604953922
"GSM225934","Control",-0.19819809584373,0.113344845778471,-0.0850215186318858,-0.245724639523917,-0.14155795746641,-0.127891796833126,0.193053218547017,-0.217520118788079,0.0701691901201323,0.020287228444434,-0.210953433013428,-0.0265617043502875,-0.289943847567354,-0.220032989819717,-0.308166500421811,-0.329253891951092,-0.297063544459928,-0.114883717718666,-0.542617621236287,-0.349376197597945,-0.233935236042119,-0.268858435736703
"GSM225935","Control",-0.34524345307644,0.0749706988477927,-0.0041673280239023,-0.241238664773723,-0.233836471356703,-0.134773686658273,-0.0504445783657601,-0.568690659647081,0.0319320820976897,-0.0104936361347551,-0.117791338433485,-0.140162783988941,-0.176428547051748,-0.306248709047176,-0.189129039179594,-0.481103782157093,-0.391019570353021,-0.0559771868458071,-0.504769911075644,-0.524738099414978,-0.205343190584909,-0.382822921674368
"GSM225936","Control",-0.234521619723379,-0.021661928980393,0.0343324199084365,-0.311310375562995,-0.341128176795723,-0.214617897562296,0.090934848386233,-0.120379194906233,-0.0776601182860062,-0.0198596630200156,-0.215746531937524,-0.226919241872153,-0.544254653409924,-0.43377287755645,-0.357343033238138,-0.392774191090633,-0.351645125325531,-0.167716357893802,-0.290170271644814,-0.418214424148664,-0.316256372178654,-0.277088333492893
"GSM225937","Control",-0.304137310643194,0.157710926410943,-0.0391143485702941,-0.187420813425207,-0.273234524524463,-0.103014832653506,0.065072130655154,-0.156288137224154,0.163887613393296,0.0138662613088306,-0.110068021126634,0.00977550721838082,-0.23614288359762,-0.280799273953534,-0.327860358698346,-0.436623426177327,-0.420611103630549,-0.144506216725836,-0.385007775035279,-0.408547536163045,-0.159662886121943,-0.148939920248204
"GSM225938","Control",-0.291189416550324,0.327484795946578,0.0122323242941825,-0.127577460955321,-0.230112944290792,-0.060647125631362,0.0923876980371311,-0.275451975270597,0.188053213764779,0.0599529289180433,-0.164616913361887,-0.177805401959486,-0.165520164631378,-0.297274383461238,-0.208315830899005,-0.314047859480787,-0.395088002242993,-0.154770427552577,-0.361505029770353,-0.375403774822377,-0.137370972655693,-0.0871540814911587
"GSM225939","Control",-0.378188195641854,0.0723738718276281,-0.0332344149248962,-0.307231694072561,-0.315456960372539,-0.111309220418023,-0.00595904611891769,-0.302909949161357,0.0855420402089325,-0.0729788812739223,-0.215104102249845,-0.190529199935589,-0.21846601579567,-0.238932436410892,-0.390888448211206,-0.409904341798194,-0.444539149552119,-0.0141019464605727,-0.473788121795808,-0.347627421271252,-0.242878416563129,-0.136035047284223
"GSM225940","Control",-0.250452572367228,0.185724321385181,0.0615222644565726,-0.155877760011162,-0.210630121611321,-0.12045728772878,0.0201118162248062,-0.398604062055167,0.170445896324942,-0.166927744935977,-0.216653037194243,-0.238866181641599,-0.188498458754287,-0.255549984262261,-0.337698139307975,-0.369944586970277,-0.306784035170891,-0.0828760322180508,-0.381220863750037,-0.520217712721211,-0.18873370572295,-0.217139506980156
"GSM225941","Control",-0.299111286426008,-0.0302648740480104,-0.00958522814983819,-0.41427341345917,-0.220497446214058,-0.249414106425311,-0.100482195903441,-0.273323693409972,-0.0110013446087705,-0.336249587832279,-0.0494415931369501,-0.249182893324554,-0.219576500767762,-0.277587820842024,-0.303014355106764,-0.42832839384107,-0.425573372501138,-0.0825263532783821,-0.543834190680078,-0.433104513847976,-0.257093513019842,-0.204454942048985
"GSM225942","Control",-0.320965272348562,0.16263512427147,0.0703312893451245,-0.26408582724945,-0.25788597506881,-0.0976444369991692,0.0563922207226845,-0.278008999099315,0.167105102401842,0.0150071845039541,-0.199577531528834,0.0902950894008779,-0.222248422086534,-0.266049900920472,-0.300968012695226,-0.430038147421862,-0.351276715525773,-0.124989285807807,-0.461826934593087,-0.45086118751878,-0.154567977912505,-0.234992560206857
"GSM225944","Control",-0.2781920823496,0.0410732949508632,0.0567051683323512,-0.216551971292308,-0.274369174146651,-0.123914943718143,-0.0784134763752843,-0.226327407595407,-0.013035135121346,-0.0667647233863279,-0.18851201472641,-0.1910372279616,-0.299164675059987,-0.454197319389382,-0.260108333091657,-0.456609027969942,-0.392930474252452,-0.0342411940278158,-0.542838815680613,-0.36678640460117,-0.101400407973766,-0.153640949064335
"GSM225945","Control",-0.289892356694942,0.10780176144619,0.0627195195980714,-0.27490874358676,-0.121581914662391,-0.0978481019632864,-0.07240601947929,-0.297181926260375,0.162302593019859,-0.114573256643173,-0.0360811151974971,-0.238827959014039,-0.268690156441929,-0.30701434558687,-0.233294947382478,-0.388786198069589,-0.337004001750877,-0.0362079593591882,-0.424536869394261,-0.343932068356999,-0.106356502585777,-0.145673663102254
"GSM225946","Control",-0.26866304302522,0.202265419135931,-0.0801313716856687,-0.271853638265942,-0.232147205772277,-0.0513279467156829,0.0841527211944586,-0.369091480925656,0.282345987715807,0.173623932478399,-0.142772589578092,-0.100354029031471,-0.182839037654495,-0.223453177226976,-0.309559079721595,-0.35835464766026,-0.335404231216772,-0.134177856328602,-0.494570219815217,-0.326299834746644,-0.144287051223542,-0.119957975650857
"GSM225947","Control",-0.336971371866996,0.125516875485586,0.0284618864348393,-0.164309516467837,-0.25707796545516,-0.173112808529459,-0.0185708603845728,-0.411538876652941,0.0906151963588303,-0.0373755632960102,-0.0975889180974219,-0.151421346674559,-0.167017017714433,-0.304585455724905,-0.366559415079759,-0.408396696675195,-0.344894529933675,-0.0860762240822161,-0.414668121913732,-0.378163705732558,-0.14495160418774,-0.236223773320944
"GSM225948","Control",-0.250530424826122,0.207239513804546,0.0690033830346894,-0.250776582998649,-0.293204704546256,-0.0763492224233824,0.0645089709932544,-0.236659586181097,0.189090786701801,0.156753273715114,-0.199273186850134,-0.108206045565415,-0.104952296246029,-0.309153111542327,-0.362872038475498,-0.426254979273135,-0.381825282144879,-0.126889828174381,-0.45474769917199,-0.535520673179926,-0.160327681931921,-0.176078002649359
"GSM225949","Control",-0.382908259029861,-0.0610621768805743,-0.0566126334540485,-0.48229074368754,-0.301500650039859,-0.189216059196772,-0.0611735312979213,-0.233364111607436,0.0335413570731953,-0.196496565184462,-0.217858167320501,-0.371212086855753,-0.386608350034144,-0.433790996566349,-0.423127483882978,-0.307167262304545,-0.451484363205389,-0.00999476884419655,-0.562460378763866,-0.595696636259318,-0.203136942636125,-0.273882489395696
"GSM225950","Control",-0.398799729348315,0.10230305321607,-0.0467111649318104,-0.366003890020834,-0.306618586235248,-0.171395461688923,-0.0463765270551309,-0.387025923675618,0.0938094708059736,-0.0619920933242378,-0.205770955014391,-0.186902276863824,-0.321183778355082,-0.449037066423544,-0.290314019673065,-0.35186740014281,-0.495458649384912,-0.0444183947906779,-0.422495569923735,-0.250386897313084,-0.330823356849226,-0.211595836009951
"GSM225951","Control",-0.401098621425442,0.131798800908582,-0.0213559472827646,-0.291180957464508,-0.284133146344307,-0.113686663511284,0.0286953552989478,-0.284312510378437,0.142518923244974,0.184124418523918,-0.168443977936166,-0.076717960084937,-0.105190295922207,-0.437634383450472,-0.362740099551079,-0.385277547396113,-0.473272025784076,0.0510598785722709,-0.544525423318595,-0.36197123729401,-0.198085437399493,-0.184962717159346
"GSM225952","Control",-0.299845321312314,0.0886357176199568,-0.0435918908486757,-0.229485236227498,-0.309943900442254,-0.157651346729192,-0.0886364012945007,-0.31900246630308,0.0826147602884561,0.0366718471278658,-0.126219400353975,-0.140699649400037,-0.152382649351483,-0.245059734540349,-0.301373986834709,-0.373612242400263,-0.410277569070692,-0.0974281920186457,-0.391076283788352,-0.424244100202321,-0.248670502056118,-0.143995178334516
"GSM225953","Control",-0.351493878713611,0.140128887925451,-0.020495750796626,-0.232885678170503,-0.218448132189277,-0.114634611067244,0.00103879857947528,-0.331660007814899,0.115846672759847,-0.0100192694736903,-0.104709179070353,-0.117191959569791,-0.263107998753759,-0.366634003985322,-0.406729234503823,-0.409729544471942,-0.390948863006953,-0.0994163579225989,-0.341604845606255,-0.2828848885093,-0.20745666231473,-0.179571203624263
"GSM225954","Control",-0.266723845767324,0.183522262328317,0.144438469459526,-0.303527226042805,-0.24782814881165,-0.133374400013845,0.0340923903377536,-0.231577570417634,0.197368498908012,-0.0929755161162025,-0.065266601590037,-0.119057527402603,-0.305923461000311,-0.357775878524606,-0.180969889530282,-0.331424860812022,-0.362430910856872,-0.0647879295754292,-0.47656149097802,-0.38733620715849,-0.181824970062382,-0.265102513872242
"GSM225955","Control",-0.380558459237191,0.0853519509799485,0.0180688257894399,-0.220997384263086,-0.347702281299654,-0.248610037088485,-0.0561878500407595,-0.276925735798911,0.0601026231967796,-0.253846350435338,-0.19106911268137,-0.28046133936825,-0.331788518907457,-0.240229126168682,-0.390764215198399,-0.427145700284166,-0.171223228006488,-0.0710646561826741,-0.48701876579625,-0.5240330849765,-0.215840699475373,-0.439002579962141
"GSM225956","Control",-0.390304913600782,0.116450986663378,0.0193604497123848,-0.250662221191035,-0.252553921725201,-0.148418830438644,0.00814005418228293,-0.292651430127531,0.085289087924022,-0.0603653730353556,-0.134667212982472,-0.147493340371481,-0.180531155711776,-0.288131234538803,-0.379199350980594,-0.42908691876422,-0.384132669541375,-0.0864511571597764,-0.460992649207916,-0.274083934032016,-0.315504144934667,-0.240730578398981
"GSM225957","Control",-0.368095185727477,0.0125690099616232,0.0101850538964534,-0.252910887573522,-0.275907173972976,-0.220961828846717,-0.0250628669379473,-0.277776880976869,-0.0217348120768813,-0.11948656818122,-0.18072223135491,-0.264621422873429,-0.241834977740718,-0.38510970765344,-0.312105583355367,-0.435162348112592,-0.469330362426253,-0.0876257355851606,-0.446177589796705,-0.378474827034267,-0.250517377291813,-0.139168744277934
"GSM225958","Control",-0.372372106992818,0.0791544805188998,0.0378967279108285,-0.257693665147866,-0.291014021188365,-0.135062761376273,-0.0437457461843648,-0.36692569114861,0.129988348330475,-0.0307279008837292,-0.0952637662603576,-0.172461540953078,-0.315006364817214,-0.225660556682938,-0.294066290089912,-0.325989904359655,-0.42984662063573,-0.0413182907238443,-0.339340761267846,-0.385764822063837,-0.241372232587433,-0.22748910618486
"GSM225959","Control",-0.377735922802329,0.0523686884235888,0.0319146634706858,-0.261763145019837,-0.268877493278893,-0.216577805457937,-0.0691293540990183,-0.297047036089369,0.030135743014136,-0.128147639694681,-0.231113403755829,-0.238463616108532,-0.275572893120651,-0.387564537364452,-0.38577461604674,-0.556441368941774,-0.465880380578111,-0.0734429526100209,-0.351300001784675,-0.405045635920792,-0.291356125545429,-0.196058432713507
"GSM225961","Control",-0.318727413867711,0.0196957273407711,0.0134259035673321,-0.245163815838206,-0.263822053530005,-0.216145408266667,-0.10243866485456,-0.422977806212293,-0.0299952744226932,-0.12695640992894,-0.171834591879879,-0.272520087449454,-0.162291033923363,-0.377535073420563,-0.33034999128005,-0.423131998075887,-0.420361839090601,-0.0575135463322893,-0.447657186067873,-0.429585443822097,-0.196830012372943,-0.179832189830162
"GSM225962","Control",-0.337061344371503,0.124496105422947,-0.0830111481815174,-0.379041191128396,-0.237164542028509,-0.147238770268477,-0.131886625031366,-0.370239730054204,0.0518849808457165,-0.158438014271696,-0.101305205735181,-0.210189219389417,-0.176389033195193,-0.307422634025656,-0.265089620376855,-0.403839033272168,-0.445449760936371,-0.0454687875305995,-0.473906859923291,-0.393625986251697,-0.355198473356631,-0.163979848213058
"GSM225963","Control",-0.290937182222478,0.16721765666375,-0.00272846456169133,-0.1948990725984,-0.207339798245416,-0.159587807574536,-0.0290308472614189,-0.240040774654952,0.0742224642821661,-0.277042680599428,-0.00903859440911551,-0.142208761486848,-0.211527446288829,-0.205551437496892,-0.269718367572309,-0.451256593831495,-0.344474864635279,-0.131965742663772,-0.380247909679341,-0.517439126404859,-0.208253672669806,-0.135897327687056
"GSM225964","Control",-0.377312787099747,0.112518295773271,-0.0285437656790855,-0.344448283744707,-0.201461772227577,-0.128104301403053,-0.0563159566954717,-0.261981954335855,0.0700671028110083,-0.187686401631451,-0.0437835670267774,-0.167187592343777,-0.156864155207879,-0.234205817210513,-0.276913237469805,-0.495982723121559,-0.346370311295479,-0.063481329576579,-0.564652576029793,-0.522208341723971,-0.195374267271693,-0.213772924638289
"GSM225965","Control",-0.297169374104701,0.263097922275079,0.0195562314743644,-0.277026970850416,-0.255301833282975,-0.166666943729852,-0.0446780770237215,-0.151147273812238,0.121136286167055,-0.101982554956787,0.0909640385472188,-0.166603125956075,-0.155992001130465,-0.347425746129131,-0.298153471962506,-0.474479075695468,-0.389974011934168,-0.0436932513466797,-0.432487253891441,-0.515075254464081,-0.18967107087359,-0.164698154809725
"GSM226034","Control",-0.32274713324559,0.0044774909504984,-0.0550375105097017,-0.267421143432969,-0.23992843651536,-0.235356463338154,-0.175597425367557,-0.287161119811017,0.00743089066448647,-0.357560491954858,-0.16973219136387,-0.269005514622345,-0.233797007488041,-0.279426675058493,-0.3164205696312,-0.413041231685692,-0.41343585917934,-0.0130999859697337,-0.32834300198354,-0.501594828616896,-0.272719102443327,-0.196773694157343
"GSM226035","Control",-0.290901143010447,0.155597285926402,0.0106723861459768,-0.110886823751607,-0.196404582086708,-0.128364466125525,0.0231152651673879,-0.232552195663967,0.158937152252153,0.0243392432976591,-0.178588389692369,-0.166793398741403,-0.301593475444553,-0.230214018002951,-0.32979060416511,-0.402071165270679,-0.307507461259951,-0.1625168451523,-0.358148357989133,-0.347794807860386,-0.154377259134277,-0.106081459008434
"GSM226037","Control",-0.30025369566312,0.122507962762497,0.0118370990445148,-0.160430643322557,-0.25994227728174,-0.119548929377306,0.000236256035639313,-0.439372621715285,0.101107095498315,-0.0291329843667647,-0.174313468531976,-0.102667636204673,-0.205583277658818,-0.343081670189585,-0.341288250113567,-0.477421194056166,-0.366113973379116,-0.125492259742575,-0.466505745850031,-0.404154137112235,-0.236990721593282,-0.191329152022846
"GSM226038","Control",-0.327385593713533,0.131219121750928,0.00961050676568022,-0.22377710125936,-0.2536232067463,-0.132076682362047,-0.0648723084285825,-0.499172055996418,0.107693249912054,-0.0985109666204344,-0.180457760531285,-0.148371089342129,0.00615981943113337,-0.290791805999002,-0.296599977551433,-0.403626903173293,-0.273236833850945,-0.0716865967193103,-0.489339298541315,-0.355220522728937,-0.2147813379678,-0.144501927853688
"GSM226039","Control",-0.291768418978341,0.14226464261338,0.0152458536490819,-0.331604460873165,-0.285606518694838,-0.148411533678208,0.0274313090124619,-0.204346098951656,0.0917210330268065,0.0150936189225664,-0.189810230152401,-0.29978385615844,-0.293470053562558,-0.43850219151407,-0.104568690047159,-0.383909172030183,-0.390531722603022,-0.0285015887645739,-0.557465298311644,-0.543483189190965,-0.214399882885818,-0.190441548834325
"GSM226040","Control",-0.376906268715351,0.0428463337981569,-0.0308243454088417,-0.302280062678715,-0.212524710547824,0.00327203032834582,-0.0445094159670411,-0.32778123902747,0.0896532893648236,-0.207917662557401,-0.110927285670785,-0.273360987420684,-0.265163385518317,-0.240333616049343,-0.237923918273845,-0.426751794277358,-0.287801497017981,-0.0530208510132548,-0.42770370422413,-0.509352196081147,-0.205083269136643,-0.316846325971572
"GSM226041","Control",-0.393480303842105,0.0675715946609978,-0.0334089903902049,-0.4022213464411,-0.176677469221395,0.00909528338569502,-0.0293733500080253,-0.424944062709402,0.00202825033339168,-0.226714767626295,-0.200890655194319,-0.154300302642623,-0.225150103661781,-0.205915707648087,-0.238808963745017,-0.360989962551771,-0.376899250891954,-0.0714035767134261,-0.538608471932885,-0.497622957482535,-0.193238440515577,-0.229885276631401
"GSM226042","Control",-0.384411959073416,-0.0176717443426927,0.0159359879114888,-0.307563116450487,-0.188388139816609,-0.0422418098226519,-0.116350378923982,-0.350745176148299,0.0125105108880957,-0.166329640245402,-0.129096078615573,-0.226509194558373,-0.297309217259796,-0.283232466132364,-0.346196123836468,-0.474708391678546,-0.339576874251556,-0.039299335388381,-0.309516659114908,-0.507029795577927,-0.223835023573291,-0.324965603284706
"GSM226044","Control",-0.378884925770539,0.0181563245998628,-0.0342797835212134,-0.409264267881666,-0.22962106503955,0.0121566073211261,-0.107810069766017,-0.358845555226707,0.00842434017795909,-0.0564090048970222,-0.228513508992635,-0.216676851487245,-0.155593417198684,-0.320307840967558,-0.276338597137352,-0.438592179783821,-0.391472398267445,-0.0085752855245451,-0.458083539881445,-0.430217458760449,-0.27637244247462,-0.33308997411608
"GSM226045","Control",-0.380326607887351,0.0446726039531152,-0.0173440692955825,-0.31028884785887,-0.19943943299089,0.0300731882325226,-0.0693762606223709,-0.502836190004569,0.0996020998106403,-0.127501321102264,-0.0905508346526306,-0.176136122651845,-0.251370298795226,-0.277050510932359,-0.235008027453642,-0.337522395656674,-0.307152587710713,0.0321310566338618,-0.389547730762094,-0.465249784984289,-0.15296858437337,-0.222158588735688
"GSM226046","Control",-0.379011107822144,0.0888304654187856,0.0489816481425987,-0.225703442790346,-0.169908722585702,-0.0184107964654967,-0.0203391753960585,-0.229009715529838,0.00286371556149755,-0.239326535697457,-0.161343242683796,-0.227344874259764,-0.12961633641293,-0.241803737230707,-0.279072362485826,-0.424969264827741,-0.412163646256749,-0.114240141466247,-0.333102402646637,-0.515531440277214,-0.141423732945177,-0.324772016434574
"GSM226047","Control",-0.260114973258984,0.130134356278781,0.0477900040242353,-0.335956424464567,-0.391426778285985,-0.150796348292214,0.0171682463653034,-0.221482360770694,0.077829369061232,-0.121456919544281,-0.0739921393368989,-0.239566167173653,-0.285882128967483,-0.193884851332334,-0.407121087904519,-0.353321127088052,-0.367685200007391,-0.0729566537494026,-0.605329491661127,-0.354496723186926,-0.206288733477084,-0.17101043357447
"GSM226048","Control",-0.408624648102349,-0.0467055023917677,0.00716243594417313,-0.384613797076811,-0.336427808747733,-0.193729534425219,-0.0713516237084404,-0.263406208618078,-0.0247870470004833,-0.187601289132067,-0.186801101846254,-0.347729908152875,-0.255415181339662,-0.306467799686195,-0.399755470562138,-0.503444770848777,-0.455773750673427,-0.0369344466082717,-0.578185825201086,-0.350819214941342,-0.165041779121059,-0.205510370834835
"GSM226049","Control",-0.252765438718313,0.229528794073455,0.0586729410801579,-0.231456386093603,-0.243020791449683,-0.136797625964911,0.0724648928312413,-0.230295313578833,-0.0247889521838662,0.052739215777736,-0.198190945764785,0.0366550632152086,-0.359449302127986,-0.227849161597138,-0.417529214564525,-0.3776472262272,-0.335122581337704,-0.1208630901877,-0.304722422410049,-0.522788941849776,-0.206424462354578,-0.283965348365453
"GSM226050","Control",-0.221143430555562,0.0716290397103791,-0.022040149695497,-0.298967498899437,-0.308312149318684,-0.207172714689527,-0.0439072664975813,-0.23569342069264,-0.0800361936334009,-0.264151716236715,-0.138759687621703,-0.263597125998457,-0.234295815208245,-0.321668148313056,-0.38286284351409,-0.277023376102493,-0.430378747243189,-0.0843005802228741,-0.395230532475972,-0.47853670035699,-0.250994869801402,-0.189157029653885
"GSM226051","Control",-0.342417646026275,0.157309959812075,-0.0706090693119747,-0.148755282667532,-0.219352414070609,-0.0993084831382466,0.0961258333479559,-0.149566713871041,0.116207613774263,0.00179582874942908,-0.135423352783799,-0.155329761414878,-0.288833862524321,-0.212478725172882,-0.272935885122939,-0.395684917214627,-0.339664108813142,-0.131539419122797,-0.418419975108413,-0.308420698196438,-0.165107148181995,-0.101898381409074
"GSM226052","Control",-0.298259327919521,0.125405443047087,9.44571042189351e-05,-0.308756833746125,-0.330070293072603,-0.049931467681395,-0.0582409124297291,-0.422529944634416,0.070786657710213,-0.187002868214789,-0.0862896368687227,-0.198307106474696,-0.354160418193277,-0.258458050265969,-0.403086211702267,-0.370531950636755,-0.329018737593809,-0.0731601463198246,-0.422393215727902,-0.526065185416817,-0.217449636430279,-0.176796523949026
"GSM226053","Control",-0.360816897361262,-0.00224226708220414,7.75585975497456e-05,-0.319275407541179,-0.305176101462877,-0.175115506407928,-0.09919770113037,-0.402659587976965,-0.00106521792860755,-0.0432554881293276,-0.20858376605404,-0.246552122290017,-0.155954495204908,-0.200693577504773,-0.225588870632035,-0.445964165550456,-0.422749729878409,-0.102504141268474,-0.466247701773132,-0.4221779935824,-0.194125284303962,-0.224846097691644
"GSM226055","Control",-0.285455535937218,0.0886590519776794,-0.0307381768498408,-0.251880475070937,-0.298471501271225,-0.171286753559199,0.0815462407331835,-0.230078212042887,-0.012830109786431,-0.050319248695146,-0.228250897942575,-0.165572702653929,-0.362847924355791,-0.2641043945313,-0.298649968603435,-0.32701189901464,-0.374651556700233,-0.0663774218224817,-0.313281351616479,-0.480798627108249,-0.193216055678414,-0.131233028097846
"GSM226056","Control",-0.281238166695869,0.0747743922778303,-0.0545647085566929,-0.305026409589637,-0.250392731960815,-0.0697159830163175,-0.0467301114548879,-0.263521540094019,0.0146723985474958,-0.171547297853259,-0.137400943690262,-0.184755700298623,-0.254240711745873,-0.284215331033332,-0.224665593197861,-0.512910815663381,-0.353770986083505,-0.0848749032662766,-0.418865500070515,-0.490950316852307,-0.168628336627175,-0.110434488489479
"GSM226082","Control",-0.32821209272795,-0.0123181394499652,-0.0938429821030769,-0.297684098392997,-0.250807951770831,-0.281179056944819,-0.0734187071484735,-0.166796857924616,0.0154551132949869,-0.188132866276765,-0.160358055554214,-0.261178064901512,-0.188662707572731,-0.259349458364703,-0.309913709205154,-0.540766490711907,-0.386579522390633,-0.0655560297673328,-0.355497644133014,-0.423285791023525,-0.296071243569773,-0.222817625787647
"GSM226145","Control",-0.294113138724142,0.176569796268519,-0.0577813424256464,-0.256697898625287,-0.326912112179508,-0.259532990135096,-0.112311504016059,-0.199568543842257,0.0153526878257834,-0.26865874045013,-0.130117358088701,-0.260875850095793,-0.278745476373858,-0.20887892829959,-0.394080741189769,-0.384075973328832,-0.511694630777124,0.0325802921284831,-0.28633962726196,-0.477641962362825,-0.275110343984097,-0.152703356936047
"GSM226146","Control",-0.32433575011342,-0.0401437956861889,-0.0980576437673965,-0.217570674077885,-0.240801815284795,-0.20096956926179,0.0621397262048183,-0.243328271131618,-0.0581887328439989,-0.0674448125902476,-0.268753246009277,-0.14965255439806,-0.277399686076622,-0.294814781462385,-0.322092311875802,-0.387482576363746,-0.307978455014185,-0.146283069361023,-0.314862606535437,-0.431547208676486,-0.300841102419902,-0.101470851575123
"GSM226147","Control",-0.420487111751136,0.0952605221808641,0.040180246221237,-0.254734663611918,-0.278367672079398,-0.0837298748376034,-0.0513914151304077,-0.39049650632407,-0.0427079575262772,-0.09797778475182,-0.196938894897191,-0.22384684872387,-0.29092304698984,-0.323743546643552,-0.153312944743697,-0.384762410938811,-0.292642633749033,-0.0255967560106769,-0.546875614289555,-0.339038442043652,-0.241294298670803,-0.095431817090924
"GSM226148","Control",-0.262360469934515,0.00713881025941637,-0.037052121919051,-0.215779911435505,-0.294477573995525,-0.181676445741483,0.128130135954309,-0.270522769042085,0.101778745133843,-0.0618069000078748,-0.201578100707301,-0.205253503920728,-0.300840910109182,-0.266858389558117,-0.323496346760826,-0.34331124846081,-0.377389545574411,-0.151030301673922,-0.319139144840683,-0.52934142898386,-0.249495183951264,-0.173996552626577
"GSM226149","Control",-0.319691474451227,0.0307639159937657,0.0475909672314608,-0.292740959070845,-0.240502715986447,-0.213401113095653,-0.0491039863988426,-0.314728850202289,0.105728553630303,-0.211151822320947,-0.14160381289473,-0.24970190933873,-0.213968439544935,-0.42583844328986,-0.351109898812719,-0.349073694264488,-0.421071737501439,-0.084354686707072,-0.455298412214598,-0.463982269536152,-0.260493298710895,-0.171789424666627
"GSM226150","Control",-0.353639120491255,-0.0488239220624716,-0.00911846834687098,-0.234734578733106,-0.33579656686395,-0.222233412492097,-0.00165373660749707,-0.331038752306207,0.0194792150385807,-0.114072117265423,-0.104822825481078,-0.210522117595544,-0.191586993956723,-0.375430133515927,-0.438358508556084,-0.431697358321309,-0.352690501909679,-0.104743991744775,-0.425401371778755,-0.48652124895634,-0.277169986741834,-0.143778095628963
"GSM226151","Control",-0.39285068439159,0.0644898870376986,-0.0552425058027282,-0.305315925128404,-0.279877761462683,-0.141665565125748,-0.00258053274342128,-0.210898742828889,0.125675255322188,0.170998108619805,-0.119893362983102,-0.0791806249549844,-0.201241702708007,-0.350183249167892,-0.271838395631553,-0.394002801647502,-0.470678155887831,-0.0916296280777797,-0.324453020079251,-0.492899162652407,-0.218500881080009,-0.130248691439308
"GSM226154","Control",-0.340663867359898,-0.031145522234801,0.0367165910471168,-0.329805212986443,-0.269697988369383,-0.163766944294459,-0.0476122618565688,-0.201458865916375,-0.0710676119659447,-0.156089310444216,-0.10163498322213,-0.221811472221135,-0.343842041220247,-0.35833829290181,-0.335410706348418,-0.345762192798023,-0.42095809567256,-0.0364097911882874,-0.379862857043554,-0.263099177318226,-0.210271346838046,-0.235814589904744
"GSM226155","Control",-0.35970586203357,-0.0231181997285903,0.0557267085907606,-0.384417822294392,-0.23567761933518,-0.249626405564351,-0.183082028846251,-0.258454480576678,-0.0286084982792942,-0.324076438499473,-0.137288273416305,-0.212216114793534,-0.249396008188523,-0.307465261548412,-0.330819996790818,-0.385085664755875,-0.394214203089852,0.0162924283505512,-0.545484740380823,-0.360821377156644,-0.260505770532172,-0.15233142157293
"GSM226156","Control",-0.314515647991355,0.173512166188687,-0.0100435492696607,-0.248076816897251,-0.337412366652852,-0.164385052290508,0.0194691221029954,-0.348359289825239,0.0909315938373237,-0.330948743413675,-0.121105140253759,-0.187750544858075,-0.25904806444864,-0.358571898739105,-0.300558218275687,-0.329347821909673,-0.346483088343381,-0.269999047761785,-0.497108974731661,-0.493035134696547,-0.185767264002281,-0.117945569088781
"GSM226157","Control",-0.258000110211222,0.137460782125191,0.0244414649780935,-0.25533027345447,-0.364374290642341,-0.140735799514858,-0.00208942640161302,-0.541825990899384,0.0400521601747329,-0.01195827078181,-0.16058223011883,-0.147132596451446,-0.216850442275105,-0.279758573495533,-0.420185113451876,-0.477955326743636,-0.479469395426626,-0.112546809329138,-0.55295846150851,-0.346409156533698,-0.22096710939977,-0.169258905450653
"GSM226158","Control",-0.295655048047045,0.101941612938698,-0.0303285155955069,-0.28190607846037,-0.241721811012731,-0.170903055416591,0.00435428299875861,-0.220598320328259,0.0808678357007293,-0.055169279249448,-0.108522308897744,-0.27471735730389,-0.254963936352018,-0.294587210988175,-0.388562223834335,-0.351292639989496,-0.378193988182749,-0.121210600605803,-0.384728082001757,-0.319818005920158,-0.133917824418127,-0.120224774519731
"GSM226159","Control",-0.440507857390876,-0.0778663084955156,-0.051599568740125,-0.312738943584083,-0.311831970489619,-0.178498359681502,-0.0706192805065945,-0.357167334321013,-0.0391448409986958,-0.0303111712308408,-0.161131237799514,-0.260514653192439,-0.178602795931497,-0.30162887265174,-0.354981906652318,-0.422087205042945,-0.41581352661441,-0.04296407615258,-0.489986297965827,-0.470822347265692,-0.214346370546128,-0.255893470662513
"GSM226160","Control",-0.263845874233893,0.0495106195632591,0.00975832247207739,-0.303520184508568,-0.254114807085687,-0.159133963438288,-0.0746968720012536,-0.373606441588125,0.059186482517362,-0.165541395866916,-0.097717464984415,-0.271977028691015,-0.233208198678825,-0.362907175970796,-0.364477596356128,-0.361251452153749,-0.406286163003882,-0.0898825796214801,-0.409880371811171,-0.528594943107825,-0.194965768257712,-0.207087930665407
"GSM226162","Control",-0.309818844146711,0.0783176157877133,-0.0223880650700603,-0.210091081654261,-0.199372850155047,-0.129426136205434,0.0365690407808906,-0.477901193465249,0.0885559224912573,-0.0958661033617861,-0.082809426963415,0.0615091511283641,-0.186746635130532,-0.293244607752721,-0.416936253995894,-0.362203148898103,-0.404842798395879,-0.160906808679652,-0.50561227341052,-0.208997990797333,-0.22361169186029,-0.256862675480959
"GSM226163","Control",-0.293535268404078,0.177536640332373,0.034043499551514,-0.175468416569695,-0.250231124361446,-0.0717382652455363,0.0104494278541733,-0.352082664191822,0.168740330296731,0.0912241079265615,-0.110967535220599,-0.0964425863978798,-0.225186506298476,-0.253837725358321,-0.296571678914473,-0.352345516641483,-0.388716114796488,-0.0704928280690309,-0.40306071343004,-0.436540880063566,-0.126718178809844,-0.190333733830132
"GSM226164","Control",-0.340621527481165,0.176390426801825,-0.0394137071778581,-0.221698408563629,-0.310166076341588,-0.0709157876363569,0.128365198789214,-0.323749357347713,0.172705415285432,0.239402623712201,-0.171360809982306,-0.00705292217435275,-0.187257598273944,-0.364352460899847,-0.330669839878711,-0.357998924950258,-0.436026466521994,-0.152752598672436,-0.434930845200007,-0.349705674946725,-0.199097009085397,-0.183089712135634
"GSM226165","Control",-0.314367763591407,0.126139926612023,-0.0179952676923476,-0.300453056695673,-0.300682065427633,-0.139484222008178,0.0187846030667257,-0.260931723277782,0.0420745186714691,-0.0137321830576892,-0.241710778997232,-0.0460461330678762,-0.255582043640843,-0.291437992431769,-0.415351654586925,-0.356699418502891,-0.459836027653895,-0.125070646627054,-0.545686694151305,-0.475875785025717,-0.300219527590591,-0.259530873338064
"GSM226167","Control",-0.343866261999197,0.23270610678602,0.0396702275811713,-0.277491064570218,-0.24628706106603,-0.186443658047564,-0.115381186769284,-0.236984409567637,0.0986999453432254,-0.110473868465924,-0.154553618395449,-0.338523696135826,-0.213568199182171,-0.266606266436035,-0.295072539522286,-0.366368390940566,-0.489145791315647,-0.0437130292725079,-0.402440728944346,-0.524572213664748,-0.194161761928188,-0.258482448550202
"GSM226168","Control",-0.318061208877661,0.051245295791325,-0.0242882647937641,-0.233416853482854,-0.272548998262277,-0.188850233681515,-0.0715931621461681,-0.390466264837318,0.0573080770923716,-0.0822838984457377,-0.123164557451404,-0.15702276372368,-0.186153999703763,-0.34756130580324,-0.328758371199999,-0.486985421334048,-0.429065410297992,-0.0887326545378286,-0.599915414633622,-0.527226385668427,-0.19878502148349,-0.182655889603689
"GSM388217","AD",-0.292617478769628,0.120275933580418,-0.0231064202188337,-0.130132960955474,-0.200962190639309,-0.133725443508658,-0.046363306041465,-0.313584505074154,0.114167455022035,-0.0793300373091233,-0.10083723529878,-0.209182063164276,-0.16992053948223,-0.264259289942694,-0.322512337963877,-0.384754816289061,-0.326946299379822,-0.138516602286033,-0.404878138754305,-0.467601006188176,-0.130993248476111,-0.240600280091773
"GSM388218","AD",-0.323937877310925,0.120504866358628,0.0367770845629016,-0.292807563202965,-0.230438366828078,-0.134174310931729,-0.0125612543437335,-0.326897117216068,0.0957316837933374,-0.0730226667635503,-0.107050930475039,-0.0849793198560283,-0.230878746731035,-0.336098242720027,-0.302931946990478,-0.432872044989446,-0.45395133682623,-0.0790728739244056,-0.550525322620928,-0.420236052763748,-0.214922045499768,-0.178456927355024
"GSM388219","AD",-0.325871382816009,0.274699006286608,0.0206633629894933,-0.153524209575763,-0.18353933481574,-0.127009308614655,0.0123637760436234,-0.247724733167678,0.179323498578539,0.12064612833899,-0.172100764739719,-0.0987221254550565,-0.15084477961873,-0.367897664374586,-0.363872347715686,-0.380377715226353,-0.492508153560231,-0.12655525770694,-0.402133228675024,-0.456666160159544,-0.157759043124658,-0.171145591072149
"GSM388220","AD",-0.293459123810965,0.171122085710907,-0.0874828712454303,-0.153943991582496,-0.238929378731554,-0.0948852664289613,-0.0530561501465383,-0.373976107990736,0.129627302162,0.128861535122781,-0.094087142935282,-0.058805473606998,-0.208981262590549,-0.394537064716551,-0.382911230913375,-0.378466686866924,-0.444447776837317,-0.00789990935477066,-0.46145922190803,-0.32333768034784,-0.179105350525828,-0.135237262181879
"GSM388221","AD",-0.260796856487684,0.238141319710232,0.0267022950434562,-0.161654873686913,-0.256366763793934,-0.145916529992443,-0.0200639056582969,-0.458912961969101,0.139708381539153,-0.0451582312398598,-0.147497230581135,-0.0876441192768703,-0.129843362980889,-0.331242645531888,-0.334262013106493,-0.430585303280361,-0.36537409173808,-0.138837216504853,-0.436740737834904,-0.423043911654991,-0.13289713552066,-0.175780813473296
"GSM388222","AD",-0.273844319958815,0.150259468051073,-0.0346945108162446,-0.106761054392234,-0.233104358113414,-0.164266068059582,-0.0885690252959317,-0.410552666603914,0.0834917177881691,0.0085542809978378,-0.110579401838311,-0.156770442444416,-0.256712441525917,-0.2822020937577,-0.292237284604139,-0.463474191744261,-0.352494828919089,-0.172935458036099,-0.394066676923891,-0.441986939678121,-0.229696634282091,-0.222759037848016
"GSM388223","AD",-0.341335838019046,0.0480548323089505,0.004591726025596,-0.346535703589028,-0.216171704676203,0.0347964059767459,-0.058314574212768,-0.369205509638698,0.0657452687858084,-0.198829620395428,-0.10543794030811,-0.169070151512918,-0.236405259127841,-0.329352422457843,-0.239944138640547,-0.357140169396798,-0.404225758754014,-0.0270522892803495,-0.432380652128249,-0.518310026593566,-0.210590625129872,-0.317521599343188
"GSM388224","AD",-0.27438158994616,0.219539627157724,0.0222753675300402,-0.158384385037192,-0.23934359534576,-0.0549704543440282,0.0784848588320988,-0.3576975030539,0.25878218021891,0.226423455680517,-0.137992661036044,-0.0711018673329165,-0.138892848091587,-0.18452690208668,-0.336098239410522,-0.407310443580502,-0.279540646390714,-0.19604408010731,-0.456598961450677,-0.389079809620437,-0.116203898247874,-0.207396407255222
"GSM388225","AD",-0.27374829489759,0.0766588512565372,-0.0117559607552369,-0.215377633805954,-0.199164273979451,-0.164021389824333,-0.082858319831282,-0.525087197688328,0.135174438691684,-0.103904507091427,-0.15539541844204,-0.197103411952338,-0.21798382395352,-0.306640215116661,-0.360094314300287,-0.371501580430572,-0.326030970259252,-0.0535057874798522,-0.498816930748173,-0.433888889859245,-0.0704494127619617,-0.172984869973658
"GSM388226","AD",-0.347463493751133,0.130698613975645,-0.0267622926360949,-0.254569456641789,-0.225958647942262,-0.0892545183783145,0.00594804525106299,-0.307943097129429,0.15962262453389,0.0318472339177777,-0.0538661900918238,-0.0720932309908306,-0.181722590283031,-0.267628684951957,-0.32348528315008,-0.531313441293541,-0.428759750033254,-0.0737816998770932,-0.423046268221921,-0.492610276550951,-0.132251614641763,-0.292133642408822
"GSM388228","AD",-0.260305360759715,0.177562856345969,0.00622285417235256,-0.159592652201043,-0.176417461574647,-0.0969089579029046,0.0259503138213474,-0.263106195200675,0.187058246184312,-0.128589159292132,-0.173386940301253,-0.058464613172942,-0.147538660298599,-0.307768097701129,-0.333347275616929,-0.465943058875827,-0.380002170493635,-0.178196734211948,-0.401551762292888,-0.179490964763806,-0.128002242240194,-0.0844488292075546
"GSM388229","AD",-0.220919154449238,0.118016686734575,0.0568447922902832,-0.21766851136244,-0.193798943500772,-0.12462148305637,0.012325030763241,-0.393005105980077,0.123994485362672,-0.080404426566226,-0.13374749165444,-0.14254972073001,-0.160606872518805,-0.255792265634203,-0.293396751558111,-0.368153773272803,-0.445844469720705,-0.181624990952173,-0.547539197622532,-0.223469151745101,-0.172809433026731,-0.138193058995863
"GSM388230","AD",-0.295150931820867,0.108772276612846,0.0154469017125543,-0.19816672121343,-0.273034568574089,-0.127580125143305,-0.0156762733292473,-0.319134076431779,0.0879756686338647,-0.0711296585225852,-0.146062806093064,-0.164343826867786,-0.24658515995221,-0.346353096515629,-0.386870236997499,-0.503493594532337,-0.484746253191856,-0.0762212893359884,-0.576609293582751,-0.540165474186366,-0.195045074892557,-0.141630363794597
"GSM388231","AD",-0.346376182626054,-0.0704889281347078,-0.00377610279623545,-0.31924849406006,-0.204044854204178,-0.0496268468031901,-0.151874368393521,-0.366005901239369,-0.0389355158321892,-0.222317843014649,-0.245064960672824,-0.218878745129858,-0.137668441838352,-0.252345654306411,-0.320735915439311,-0.355696615651128,-0.368015159533841,-0.0489338133610893,-0.446506229014348,-0.581601256481281,-0.288581492821204,-0.23650353839311
"GSM388232","AD",-0.373391481278807,-0.0986333903465414,0.00616082143471804,-0.287512635145946,-0.174906045210121,0.0285843855284091,-0.126261230999077,-0.251209270982147,-0.161503642232674,-0.158209229907719,-0.190551782004622,-0.225414787576046,-0.210655072668891,-0.280922029867278,-0.240903332919193,-0.373424605541455,-0.393088423774578,-0.0538112842644351,-0.418277939944589,-0.520964198597246,-0.258145746805391,-0.306375938081558
"GSM388233","AD",-0.376928479384098,-0.19376919837643,-0.0771278663987672,-0.391210276203076,-0.200833581909878,0.0142675347733082,-0.139872440906695,-0.334574746934014,-0.121014965307928,-0.205691822953628,-0.191172254611804,-0.25275999734809,-0.281286765242414,-0.323868582236562,-0.233884512103716,-0.369230436822298,-0.380944855952425,-0.0452742457435863,-0.538110784433152,-0.402165620895271,-0.277085985478543,-0.301530170204095
"GSM388234","AD",-0.361507847287246,0.0271391298673161,0.0410150993540617,-0.413031498132798,-0.165644505433319,0.00417770885959558,-0.127642954214497,-0.234816283409813,0.0546321239631153,-0.122445106999175,-0.234205316935244,-0.26465424808947,-0.156296952809476,-0.266118907228166,-0.160446143265739,-0.289651486529143,-0.336583735706211,-0.0563273002379338,-0.40198247903829,-0.518227083718451,-0.298216402510328,-0.407284027352208
"GSM388235","AD",-0.392698265727231,-0.109044226046071,-0.0429098053281578,-0.246777081575426,-0.27185813382987,-0.217213590652489,-0.0900198916270117,-0.488387133587193,-0.056906836455094,-0.134855221579463,-0.171711643750703,-0.275131641001559,-0.297149950389808,-0.380707317246357,-0.366757668602315,-0.492359412999448,-0.455501762563807,-0.0663130578508103,-0.549751142065788,-0.49513508616505,-0.223037233311294,-0.198512691010182
"GSM388236","AD",-0.327439315471081,0.0302468533290975,-0.0379005629824445,-0.300113540222439,-0.269287201850362,-0.183836993253413,-0.0728952973119484,-0.368816819365806,0.0425002692515162,-0.148858656667166,-0.176693205363596,-0.292778106456437,-0.165930720550299,-0.330518939355049,-0.3105136489576,-0.418760063120701,-0.453178956937735,-0.0579477699285604,-0.517878715170378,-0.533156801239149,-0.238547265549833,-0.225829244643843
"GSM388237","AD",-0.251011877707805,0.208370427938985,0.0123720200427847,-0.212167562056895,-0.266375747375005,-0.157104788043241,-0.0285056292774874,-0.404639433672383,0.0759694091267808,-0.0368850612669842,-0.104210835397271,-0.165071503452417,-0.199194963884044,-0.299754990773937,-0.407866057383866,-0.428081308419303,-0.326036786772972,-0.0873527117454279,-0.401128130118406,-0.49617166205419,-0.181583112958726,-0.172929453124585
"GSM388238","AD",-0.346803109510173,0.127163694538313,0.00157473419197553,-0.251485065863878,-0.235124178797521,-0.156452816766466,0.0690935405873227,-0.340999469716653,0.0984958871172154,-0.0693153641311394,-0.147779086789926,-0.199333930674537,-0.198553582981181,-0.355359321414759,-0.384710955907532,-0.384091972508093,-0.444450399020277,-0.103722193536236,-0.550262862480045,-0.456024733150234,-0.181520350511005,-0.205504903809565
"GSM388239","AD",-0.164294228297886,0.230594108973485,0.106490806815409,-0.156421658984849,-0.17442656031025,-0.126951902392082,0.050173766412773,-0.303743120129944,0.205743280938829,-0.269865545416619,-0.0335767857369903,-0.0215713185401112,-0.0210342645480014,-0.248952518776347,-0.296404802256222,-0.330861886463169,-0.324251495689507,-0.184733452000216,-0.396900297930306,-0.487976819799171,-0.156918759664195,-0.183579058839007
"GSM388240","AD",-0.185823558289975,0.156240461577967,0.129378056419947,-0.247774000394366,-0.1587601718008,-0.147365030393274,-0.0874367769183457,-0.417568497298068,0.136469526238799,-0.252054834518121,-0.0671667421101702,-0.234909056472372,-0.177081946060761,-0.243262941560358,-0.237622141776938,-0.319491471186191,-0.267933637383093,-0.165711133717179,-0.488862333110297,-0.483413251336792,-0.15360314737577,-0.195912392560468
"GSM388241","AD",-0.345952389083738,0.0693708683429736,0.000355065927393489,-0.233908407874584,-0.221567658841582,-0.151329999736305,-0.0532795537917075,-0.278810111181262,0.0689568810224735,-0.16625574992098,-0.130444214462361,-0.21019287701647,-0.204279867406545,-0.281891670369443,-0.306465670899506,-0.407582325950635,-0.404430180384781,-0.124186205188431,-0.467980059977001,-0.486325989178172,-0.144742681459323,-0.174891811973512
"GSM388242","AD",-0.361174306534826,0.153619975062581,-0.0436252006399705,-0.222413608413267,-0.250434297320236,-0.0465695806095222,0.063691134561798,-0.4336149923061,0.112081045278401,0.0485841025597802,-0.128736503272017,-0.121114759002472,-0.201010521081562,-0.34837035925731,-0.32168196871888,-0.396950012070872,-0.384199436064356,-0.110657338108295,-0.429137345333144,-0.476091702135537,-0.222856551646442,-0.189760016394959
"GSM388243","AD",-0.381765837649646,0.0973774176640995,-0.0414434596150809,-0.145822902238653,-0.262252608603291,-0.171772300399477,-0.00296998093974093,-0.45825584708891,0.115051709469151,-0.216226708785655,-0.0955594243702823,-0.219807558073324,-0.165534671532487,-0.347321568994076,-0.298128470048808,-0.44338836037698,-0.291649558424593,-0.145363322524601,-0.463453712910032,-0.460066611459386,-0.179792252006594,-0.179747172283512
"GSM388244","AD",-0.260132398030445,0.186123524576765,-0.00702368928269709,-0.139471092406619,-0.156645872869326,-0.0961102457302998,-0.0218964403223058,-0.143090825852326,0.126097842134967,-0.136424788995762,-0.0420587704804396,-0.154178036643313,-0.208339760891852,-0.337513061665631,-0.368768153652654,-0.356852560611587,-0.274592466486943,-0.1595056829159,-0.387839008380248,-0.520342127033883,-0.116487049818368,-0.125101145225318
"GSM388245","AD",-0.324617851530098,0.140083206791702,-0.0178613242067516,-0.298897180636306,-0.208389260231733,-0.139543995051273,0.00566372940000732,-0.326215648973151,0.180045256592977,0.0457334209752923,-0.135268798763372,-0.136361795372401,-0.115048339653393,-0.301814084394667,-0.285344308585353,-0.448350961146043,-0.36004418855769,-0.137452493193055,-0.570795200792264,-0.493461507071796,-0.168523611979126,-0.203771372838912
"GSM388246","AD",-0.35080354154221,0.118261442652178,0.0784377462054579,-0.262696849297599,-0.232382707734864,-0.153222368727551,-0.0179177122020647,-0.44420708910849,0.159561413685275,-0.1101687505962,-0.18554889191009,-0.179937231353442,-0.136488320326292,-0.391437971803228,-0.290987649811032,-0.429890726054073,-0.458536221708946,-0.0934350046226956,-0.451983666902568,-0.343660136877947,-0.194007833415113,-0.187624692728572
"GSM388247","AD",-0.326919953587779,0.184956356264533,-0.0432672443936894,-0.234700462681245,-0.279311101510659,-0.113577386503853,0.107135923099372,-0.154619954560275,0.168942689454428,0.0964866834659791,-0.147990066248603,-0.0642432417264084,-0.105807338869201,-0.292601884376264,-0.365701580314255,-0.388925978730089,-0.474603569945299,-0.0323191328887787,-0.474380242379051,-0.513954357103885,-0.232386682221822,-0.170829968349839
"GSM388248","AD",-0.274318789925673,0.215784639790875,-0.00723605971438555,-0.16131908222262,-0.246376431508373,-0.0538953644530695,0.064774095215477,-0.331292817702865,0.222232501442249,0.031140921254775,-0.110304396000821,0.0233689461988552,-0.113434217695821,-0.279864880374681,-0.340111894774973,-0.335666420558044,-0.513887855741754,-0.132417012576475,-0.381160833200045,-0.18203689956271,-0.250125831053602,-0.153236738104596
"GSM388249","AD",-0.291891302307919,0.0897493490015047,0.0577015921475401,-0.275825231135847,-0.342073150797377,-0.183908429233755,-0.0688092808998138,-0.407215393394001,0.0292480355074011,-0.0976589833596063,-0.117516133254938,-0.223225032348805,-0.232327403201945,-0.279945012011453,-0.264171243599835,-0.469830322705665,-0.364515400181816,-0.0518769710453244,-0.562413195669452,-0.416979377191773,-0.257171705858097,-0.181738024905766
"GSM388250","AD",-0.376247717399122,0.0859207430924893,0.0212262473077271,-0.259744842018217,-0.256979180621976,-0.179914981268191,-0.0945881526615542,-0.312590135808007,-0.0180160673278992,-0.206843522885536,-0.100446957674806,-0.214971397153324,-0.235423061767999,-0.293313246536252,-0.293136992598944,-0.422615978658269,-0.359731816509895,-0.116597732246652,-0.403943240557021,-0.434648677605965,-0.199933149520224,-0.165731611683775
"GSM388251","AD",-0.285950111774778,0.0452605709098118,-0.046127285943346,-0.189726454906383,-0.237203971412401,-0.196661516812019,-0.051403852807755,-0.432371737932975,0.0173920291033622,-0.185504166504645,-0.147249207186548,-0.258324035533179,-0.206712287859511,-0.453930104043759,-0.339562185047756,-0.43495191786534,-0.355469282526424,-0.0704458230932695,-0.484214369141847,-0.507082468305116,-0.193414776914435,-0.171391551734231
"GSM388252","AD",-0.356975709428853,-0.0722704742957543,-0.0362475920254121,-0.216229038978708,-0.188902962577976,-0.248573306205634,-0.110438665349986,-0.386996488804551,-0.0718940625492263,-0.312953652557682,-0.171914646924076,-0.297794627366482,-0.273207314921081,-0.304451094177351,-0.283507320372225,-0.540639626651174,-0.3403627210622,-0.0871979669186529,-0.438084742951689,-0.531995600987539,-0.208072193770141,-0.167364397137625
"GSM388253","AD",-0.187787850446183,0.196939574977862,0.0404360718747524,-0.17065309902215,-0.224372574351107,-0.187937524910141,0.000490728785326365,-0.208928200403769,0.209716875999816,-0.153377230064872,-0.104435358812848,-0.13373518640231,-0.161230826568112,-0.210251711049478,-0.349499312663778,-0.294245927597295,-0.238120696014007,-0.0800218928507796,-0.303676028416614,-0.500269951256056,-0.217864510158297,-0.151917233448192
"GSM388254","AD",-0.2058173672668,0.189022447623568,-0.0778526913417983,-0.207685276510525,-0.355944539424765,-0.114734001125482,0.103423686656645,-0.324799835992078,0.182934503341711,0.00307293456808167,-0.0909390545164088,-0.0227489006827274,-0.208614968357338,-0.335169991785388,-0.347534493317924,-0.337400936106206,-0.49035438018815,-0.119179090667077,-0.574014192263421,-0.672515204053422,-0.198545291208971,-0.31052829607176
"GSM388255","AD",-0.211740355475842,0.0803509246158059,0.0206579716600696,-0.380407378182024,-0.252276002772754,-0.18424344077774,-0.0286598387163402,-0.263204333415535,0.0962139983237705,0.0587797832604943,-0.144453957994166,-0.187813249665628,-0.361872778988685,-0.372926298128692,-0.123568070122083,-0.387669821245898,-0.534901416208992,-0.106209591935812,-0.437485131107513,-0.285446854702721,-0.0520091233403349,-0.373966418636085
"GSM388256","AD",-0.235903536061446,0.206880642779834,0.0307189240992279,-0.334144947956179,-0.257272896806365,-0.151681412737966,0.127203061418283,-0.155794550454778,0.109710192131201,-0.0317568548986663,0.0469533243721564,-0.12720121988613,-0.197345958588528,-0.31833102397231,-0.167475334101006,-0.408703968997256,-0.34917715685008,-0.148042707248382,-0.541061274557001,-0.32466816793408,-0.0828643978196384,-0.296946718210324
"GSM388257","AD",-0.216595472093015,0.189826765259322,0.0841401920893602,-0.0797684345648044,-0.221269776130432,-0.0985649814487127,0.0593023007730262,-0.302514053953511,0.15778899951099,-0.257011335746101,-0.101566480787509,-0.16082737561814,-0.130123293334511,-0.260987801194795,-0.08104472191005,-0.279334801627426,-0.371358393719308,-0.229925445437172,-0.361686593253734,-0.511840482334597,-0.134050478841513,-0.327719351072094
"GSM388258","AD",-0.371341555300661,-0.0532429398066133,-0.0041382418844106,-0.322554869638382,-0.254218646647358,-0.228515982635514,-0.0967604663895683,-0.515194640000641,-0.0285785055857943,-0.194049077003491,-0.122654167573265,-0.293622231154397,-0.222699126210524,-0.320354673956822,-0.275867032712331,-0.366220702842121,-0.476654970450885,-0.00411448958847913,-0.508648334982656,-0.498379249778997,-0.215905084211947,-0.239702764028224
"GSM388259","AD",-0.37601214788991,0.0299214585953786,0.011214005843957,-0.271486757525058,-0.222968783057576,-0.259245615055723,-0.131318764158817,-0.311083246283466,0.0541108021966887,-0.325779353221065,-0.0861942672002989,-0.267524913135529,-0.289214500678472,-0.299930299503933,-0.253745323703238,-0.407155545520637,-0.352508584161489,-0.0635525957698911,-0.371829923845124,-0.505011382058632,-0.252653978938975,-0.156976150978137
"GSM388260","AD",-0.192773649257207,0.192838899318314,0.0268343282530351,-0.122678087088031,-0.158926186350509,-0.0605190053042152,0.00834883563216245,-0.45420287543375,0.19865833406967,0.104484474159924,-0.0918031274160757,-0.0688696168450964,-0.080145957692251,-0.231286209489531,-0.306896824190106,-0.453667511680717,-0.340020043343924,-0.131980233955197,-0.349268714936094,-0.335783498278012,-0.0356263497299957,-0.185416264603168
"GSM388261","AD",-0.350251933393567,0.0322657761269843,-0.0849574798732911,-0.284628095837536,-0.122635134992528,-0.0173667423962216,-0.0572595348558506,-0.50551168839566,0.0320023074645527,-0.0397826164000773,-0.0886331552053918,-0.157824324071054,-0.212633950483,-0.192694344536673,-0.21322997709983,-0.338430339334431,-0.360127101606889,-0.073688351475441,-0.559306888545516,-0.512586968210632,-0.210441267005717,-0.255517298610263
"GSM388262","AD",-0.351349645112928,0.0954515661821466,0.0308861089806905,-0.242305577592039,-0.310575302961831,-0.175238586843161,-0.102434688720904,-0.479675925356633,0.0895007970647745,-0.0839987331674911,-0.161907730196813,-0.247597197944791,-0.19302535878843,-0.261723770959925,-0.273747482381904,-0.403131843456277,-0.401011701226696,-0.0385830039967417,-0.386994085990932,-0.523286599100465,-0.229572476648409,-0.119884113552979
"GSM388263","AD",-0.316989544401795,0.144960645765229,-0.00473831234357262,-0.218857591429227,-0.305485899396996,-0.142039184832409,-0.0556221690426578,-0.335520772111473,0.145265916189966,-0.0594130085799394,-0.201170190284252,-0.176365178161875,-0.178849249094502,-0.308164046677804,-0.342057866040329,-0.430208347177797,-0.353077011643194,-0.087812719908714,-0.536728319156117,-0.32281316335011,-0.238945633365041,-0.167311909466775
"GSM388264","AD",-0.33434430136072,0.167796337848092,-0.0445701291952785,-0.296609440031145,-0.346979943651736,-0.105028154770108,0.0381534005795091,-0.254839519917354,0.0951901160187813,0.0842819403889026,-0.184523974219402,-0.149601748699834,-0.214415474945534,-0.385083730149478,-0.44551317880735,-0.491962716835824,-0.437694398455793,-0.074509292773441,-0.572739507376416,-0.357292083687342,-0.236100726947549,-0.20499938005272
"GSM388265","AD",-0.33750194045133,0.151983930841902,-0.040031452144699,-0.184133105479407,-0.322429778879539,-0.138698152991433,0.0546908903470032,-0.405297896233076,0.155857994087162,0.0764789578021375,-0.172428919010027,-0.182676452539586,-0.204288733218812,-0.333471094486693,-0.363079148525208,-0.455379526669485,-0.461205383681966,-0.0640594193789091,-0.385057500280843,-0.533405629864494,-0.271296668508076,-0.177236936523128
"GSM388266","AD",-0.336363003986619,-0.00233227655070045,0.00825963460909333,-0.371037426004626,-0.160352878835617,-0.02382330717331,-0.0879050615090005,-0.274140677385675,-0.0228105518890412,-0.256236345462833,-0.135252155480404,-0.168733350060921,-0.11954456116958,-0.24893976823018,-0.300884192406899,-0.343886269084482,-0.267407905052602,-0.0669104012493697,-0.440942373843188,-0.508564238767555,-0.295304516746997,-0.315659584811904
"GSM388267","AD",-0.336678086029977,-0.00432234609152355,0.0175140344426339,-0.301089380386242,-0.193417064824513,-0.214983232610664,-0.100470506358124,-0.242870250854093,0.0213924891940792,-0.119158857899871,-0.198234087501921,-0.154706046347299,-0.123954907049989,-0.292510812127145,-0.29839272176096,-0.381588035002973,-0.367810012660926,-0.0696900703856239,-0.399960440431873,-0.508982965272131,-0.272462963319902,-0.19346011321508
"GSM388268","AD",-0.289589038575335,0.208658797706564,-0.0046717485518846,-0.203305234012367,-0.297119525302646,-0.16651946274604,-0.0182995303167143,-0.406622125357796,0.0944368809517492,-0.0838227276575531,-0.137943701471909,-0.0816174731083937,-0.127827724255606,-0.205432894619983,-0.326386199904672,-0.428467609554276,-0.415654912261646,-0.0997216409133764,-0.287120449416923,-0.52436485647696,-0.253247426250691,-0.129348029451999
"GSM388269","AD",-0.231708672654622,0.205126036312722,0.0610383427345039,-0.141518527489191,-0.254663217105421,-0.116523988000387,-0.046311747940834,-0.33740457932609,0.0916524861380056,-0.091801853953384,-0.100766067836987,-0.07341178587294,-0.15250170090464,-0.372822098685511,-0.390451055887363,-0.38738546609382,-0.38244169711162,-0.134592788935227,-0.383155213668808,-0.487071149460879,-0.18241739028193,-0.216806945110632
"GSM388270","AD",-0.320142114313094,0.0239877292995353,0.0216518251246897,-0.383067470632628,-0.167448272268701,0.00148712957273824,-0.0895853926814414,-0.426768042496685,0.0389678115448345,-0.260092427570751,-0.174801895989658,-0.219351926579018,-0.200166430367753,-0.1426179401403,-0.252421993036708,-0.390658577834514,-0.31518010170441,-0.0701965686357905,-0.441954120425803,-0.386970127004085,-0.253070150879968,-0.398380216732989
"GSM388271","AD",-0.289668808489096,0.0806757486551039,0.027767343388774,-0.272192394364521,-0.198056700480989,-0.151056497092466,-0.0583274351934981,-0.350385190225418,0.0920136009714523,-0.0963611452323578,-0.0966364989010546,-0.135234443257174,-0.142437381239979,-0.365581408045702,-0.329842799043701,-0.466494762283886,-0.3815819877963,-0.0711499920263041,-0.545548447623601,-0.341106217236714,-0.180869657680524,-0.245571218844185
"GSM388272","AD",-0.312153419432201,0.119719008937462,-0.0086985250002492,-0.16163550284979,-0.283292502505298,-0.0924371097138914,0.0843545702822872,-0.42194615345471,0.112655641659347,0.100125033739696,-0.114806803064613,-0.102161309101982,-0.174561132848881,-0.214622430957632,-0.373376921883752,-0.470994222486915,-0.41252297683231,-0.144134630370863,-0.435049774080618,-0.415071742609402,-0.150508243017359,-0.0661159992835745
"GSM388273","AD",-0.355124782208757,0.139955300924881,-0.0207118077052584,-0.192737098092004,-0.271873087170488,-0.189568746988462,-0.0525657120258576,-0.354447461408703,0.125985825834723,0.0648382875046047,-0.150143510639462,-0.10639555075571,-0.153080883397762,-0.322363693066545,-0.355634048369852,-0.465790452546396,-0.360763353385633,-0.0993434888429462,-0.442637472278539,-0.540746074312171,-0.16489039078456,-0.1821284391833
"GSM388274","AD",-0.39219356984604,0.0625542920254077,0.00665854484974599,-0.163268950978341,-0.225767431242232,-0.205290659260347,-0.0602352363721056,-0.53599218145393,0.0202293835150888,-0.143033078286205,-0.196556750132146,-0.183696401606465,-0.123235839253628,-0.287187727085632,-0.234590491751967,-0.466888318360333,-0.333939985075397,-0.0575443473373207,-0.351473226010814,-0.527309328543542,-0.2083955272227,-0.29439635165245
"GSM388275","AD",-0.281087555214584,0.201258794577469,-0.0556564509431339,-0.104817748830414,-0.217341069496502,-0.13914319329471,0.033249053496134,-0.394672747842827,0.144842191931498,-0.106432208442037,-0.150853650118134,0.00749008060043447,-0.158112151176907,-0.224112537187179,-0.228578752918633,-0.414127526698539,-0.236787637443407,-0.181314372407263,-0.479790645632797,-0.525277228103225,-0.112923119859812,-0.153320989075521
"GSM388276","AD",-0.309188301052426,0.234821433063132,0.00618537219126549,-0.109857056489226,-0.139277911835192,-0.101981595704749,0.0385337409362723,-0.258806407399067,0.0704047953754553,0.0622298867046835,-0.151978934163516,-0.0117597672856126,-0.121747235146023,-0.179867977332246,-0.315470181575945,-0.390670088478877,-0.292563836319224,-0.206697956217609,-0.400644496769846,-0.269338180862804,-0.193223502699646,-0.182213672316666
"GSM388277","AD",-0.356488041407999,0.21247531306924,-0.00280274657626849,-0.256271261502514,-0.268791346917306,-0.101723334168829,0.00446902492666018,-0.474875767110363,0.187777650536299,0.00818199651093185,-0.159218242531854,-0.130249812008648,-0.184419745825933,-0.290033808605595,-0.402051296091799,-0.440776454408499,-0.403251375533191,-0.147434380908573,-0.363418657719036,-0.279744655225227,-0.189255292323648,-0.203778680944627
"GSM388278","AD",-0.29826916297763,0.16368815124684,0.0802660305724105,-0.259575009627556,-0.156666126871765,-0.162340496929265,0.00119548727109192,-0.227964447024079,0.153981548386142,-0.160158073569915,-0.0609204651244337,-0.0838783233257074,-0.148394061165917,-0.141231556184777,-0.19151179212768,-0.358209696856044,-0.423752796861686,-0.152776190162057,-0.318777573563644,-0.253690624149435,-0.160893381761771,-0.132814883947222
"GSM388279","AD",-0.271005921069907,0.24327752737313,0.0634817877895685,-0.217913807532409,-0.282110450833573,-0.0500512682468382,0.0708573951350529,-0.35864465804064,0.113845895406805,-0.0416589560624713,-0.119376398790714,-0.224526911787735,-0.227584224443226,-0.24157873335445,-0.227029596156264,-0.482602258368114,-0.40723968137035,-0.0722162824198542,-0.358325977276216,-0.273619199670956,-0.136039011439746,-0.213563691565162
"GSM388281","AD",-0.340799973440659,0.20179172744649,0.080610780301631,-0.257357888250423,-0.251735707548277,-0.104833910807681,0.114325623010741,-0.0652134605873375,0.0548996064892896,0.0938207375002435,-0.179809533313894,-0.0312936370798097,-0.234111974443571,-0.251496072173911,-0.351153465793787,-0.361971755766647,-0.418655797434026,-0.0152472116634418,-0.572597545119445,-0.465833158244114,-0.218306800652102,-0.250780417048404
"GSM388282","AD",-0.383886417373408,0.0855531430071556,0.0520437865269925,-0.203115681423065,-0.232806830376874,-0.233277386132289,-0.0376913034107633,-0.424023458213767,-0.0257214799514337,-0.129574656158163,-0.183044595306048,-0.26598409267079,-0.199179314797112,-0.247795483447418,-0.409014797853496,-0.354271597925133,-0.460718475493156,-0.0991308168272341,-0.429428479943375,-0.317219768673097,-0.232363307712244,-0.196998181149753
"GSM388284","AD",-0.309526751567811,0.156104305984672,0.0672000518722627,-0.243311886670761,-0.223479345154388,-0.161339817436584,0.0339119353657831,-0.157067381416721,0.171448714015426,-0.0888692273724714,-0.139248311720383,-0.12114113012938,-0.0974197257449332,-0.141429510109618,-0.354620809787437,-0.355972828558618,-0.349886646187967,-0.126600213524047,-0.431150766315833,-0.516941469154169,-0.221513388707146,-0.186851512820505
"GSM388285","AD",-0.382661954706849,0.125382421742845,-0.00415028864815276,-0.221918626611037,-0.366294864606988,-0.236026385200224,-0.0535726426001186,-0.44545547821881,0.0163889070702734,-0.165008039203958,-0.236606741274509,-0.233874234783877,-0.169404168723437,-0.344564299195999,-0.393946475647439,-0.419200859466982,-0.484264790962843,-0.0940008524885822,-0.427791226997041,-0.484758642514296,-0.274654711808782,-0.141759123191949
"GSM388286","AD",-0.330475794141101,0.0710386660982024,0.00832159879442573,-0.423995695006861,-0.345895669336058,-0.244607852722929,-0.118582909010436,-0.317363604489617,0.114905455912828,-0.208206682079206,-0.174672463899887,-0.32781336170397,-0.220921567050725,-0.338523321460627,-0.307480980666442,-0.257913514260666,-0.369021734082026,0.0161806706796592,-0.362909141762067,-0.302211170307413,-0.36196845730337,-0.262900743293835
"GSM388287","AD",-0.370247164147454,0.112283294508288,0.0578696033847693,-0.238434355208838,-0.24173637172526,-0.196271384652391,0.0217935914172687,-0.39996240884454,0.0327436760264424,0.0259584872881112,-0.125163606716606,-0.283683231578629,-0.029332745394475,-0.340993850834419,-0.227231503450569,-0.363983940920048,-0.457134044841656,0.0232980487435576,-0.39188065545149,-0.529520949162317,-0.275953082968095,-0.336325783355277
"GSM388288","AD",-0.318911665676588,0.189134741559735,0.0686165633731508,-0.25805568352416,-0.304215650186911,-0.201483864169396,-0.0222430784397978,-0.228541356132933,0.0842880861307249,-0.0596713866178334,-0.226509818707602,-0.187269317313456,-0.147035728817326,-0.313079550730876,-0.390119554897193,-0.354853320910599,-0.50830593670019,-0.0661350280732272,-0.46095368830357,-0.492762639081666,-0.224013437590289,-0.192646539895623
"GSM388289","AD",-0.234631351773581,0.220170278051246,0.158395374921207,-0.293062551648144,-0.14410183082305,-0.0603181572600483,0.086063674694074,-0.194121730192363,0.176419008428876,-0.0364861545424639,-0.110729067241658,-0.0929441416094415,-0.413180725908958,-0.223754272615451,-0.082861960605593,-0.342797213088861,-0.3804603664913,-0.180130957591149,-0.516433728889242,-0.320831268803934,-0.165411067189453,-0.204678549246361
"GSM388290","AD",-0.277760323360337,0.175891238363091,0.0586762569549978,-0.283898385299991,-0.258249078061,-0.0876626617368505,0.0643472723636542,-0.248750191149629,0.231521764384572,-0.0190998619009768,-0.10452972560027,-0.155794041100001,-0.399408025767808,-0.2180968740952,-0.280924046322693,-0.354044840597882,-0.330753162807159,-0.190600191408715,-0.413425585397432,-0.386444643824664,-0.0669554217424664,-0.199502206487522
"GSM388291","AD",-0.283608062565552,0.180480282206262,-0.0054743033306916,-0.29492116134875,-0.271587511792356,-0.0791904493739499,0.104428117019252,-0.40460512588528,0.196954826356915,0.153822563838889,-0.101915325470458,-0.139502264845591,-0.212200243258975,-0.335847313286409,-0.233451163346468,-0.343569957861374,-0.35894545137622,-0.187312978923744,-0.393655037526611,-0.489326266367736,-0.121258479608031,-0.183440537119312
"GSM388292","AD",-0.283401173290929,0.210794236233583,0.105447915175594,-0.205891937347509,-0.250282142872873,-0.0594395639535715,-0.0171174650919254,-0.248239410170824,0.1751952402595,-0.00196065090331457,-0.0632749610457775,-0.0626733723285673,-0.255417640330527,-0.27193485437907,-0.234359859870779,-0.392428276460012,-0.393880773277406,-0.14562024388902,-0.381495973425635,-0.451315989093534,-0.141919062708503,-0.218020439853151
"GSM388294","AD",-0.322351172464559,0.118138881333459,0.0339163938423175,-0.25446819943371,-0.254067739388686,-0.215393308315322,0.00336263940353407,-0.448632320255931,0.045848544784798,-0.143011571473522,-0.132209111588346,-0.30446253623906,-0.158910213431369,-0.353422129394892,-0.363943241701968,-0.434549289816542,-0.45725083060122,-0.138430722149905,-0.449132669202698,-0.506273359761749,-0.214332157768,-0.251926184501749
"GSM388295","AD",-0.309769056874004,0.0516907358249513,-0.0031270481067362,-0.305962905512482,-0.244620331015141,-0.213075304823349,0.00492340443969463,-0.314817535227743,0.0154923533049572,-0.0981721902415093,-0.110908840024362,-0.180824654679551,-0.0737529423039962,-0.368419942769198,-0.382889223014332,-0.378829552904597,-0.455509220697789,-0.122664950116004,-0.394416814158746,-0.396980364253175,-0.247883598275842,-0.174184580051951
"GSM388296","AD",-0.333357335602968,-0.0957969642167775,-0.00199939777534035,-0.411079585091875,-0.423984887278768,-0.24379780081258,-0.0916043085597135,-0.275168620397313,-0.112261110597971,-0.0901398222100524,-0.206382115284145,-0.33814116573646,-0.225772884025766,-0.27227096006892,-0.444717411965374,-0.318969236650497,-0.471539155310672,-0.0436790631158784,-0.360961532125858,-0.367387575854979,-0.225277978603622,-0.1602270392946
"GSM388297","AD",-0.372909352343753,0.0840460622784026,-0.0635141485746757,-0.185895694791891,-0.333728643523483,-0.171941374290111,-0.0236140980216286,-0.310043200734534,0.0968456874829284,0.0315210371324665,-0.157797943957046,-0.0607804428062047,-0.251941886265306,-0.440933417151916,-0.411327673101828,-0.444398013047968,-0.475468048999526,-0.045607821656934,-0.408493409948595,-0.477121501986938,-0.216108066147393,-0.242165404632859
"GSM388298","AD",-0.335281117904861,0.0736665631141566,-0.00689061695329253,-0.193876919003664,-0.290900224546264,-0.11036237184178,0.028762984868339,-0.339434530887735,0.109170907679261,0.0512683389018124,-0.128523884572548,-0.0922270084738045,-0.297532923805608,-0.311622354841684,-0.392479533050607,-0.425915971767905,-0.492163514686065,-0.091877521941022,-0.431408533825938,-0.243921997462453,-0.285528523805587,-0.186837482317089
"GSM388299","AD",-0.365388759493384,-0.0835744964353578,0.0330503032055822,-0.230411988751996,-0.263798526373632,-0.18389456187207,-0.00133516195081568,-0.342503647602968,-0.0602307412160538,-0.147736043837005,-0.159698774352876,-0.227387936987041,-0.221389826653281,-0.368279944432805,-0.327675667304184,-0.450508991638545,-0.431188077607501,-0.0858866154230808,-0.34183999513327,-0.387945630552242,-0.262915579220707,-0.181627038454869
"GSM388300","AD",-0.255518505671808,0.0852804720685328,0.0410119007319278,-0.275699539077674,-0.325430453355171,-0.136025026611136,0.0359604406080093,-0.197220877170274,0.0786438157788765,0.0924275010802492,-0.0930331161706983,-0.131473546814104,-0.249179580110574,-0.348486272333509,-0.383243242076891,-0.451536333367189,-0.425198413138512,-0.0811850378601748,-0.397909926864917,-0.326209049072557,-0.219476154746992,-0.242801036897918
"GSM388301","AD",-0.332704346860444,0.157414084423495,-0.0405953116209891,-0.284186036372064,-0.319322993545451,-0.199486213458749,-0.0216261585054282,-0.228463511479,0.114689807016537,-0.297406723385998,-0.181496431554862,-0.251237689561346,-0.201301776528632,-0.263508466232337,-0.31256522375699,-0.264865456350367,-0.351774514721603,-0.0532299416529749,-0.457570946543573,-0.306418247714813,-0.266822696969419,-0.299429737825566
"GSM388302","AD",-0.259667154825282,0.170554497094173,0.104480592983137,-0.140758835405499,-0.291832054705322,-0.198666002870356,-0.000710493556475492,-0.414452349782254,0.115606317020124,-0.39273953494598,-0.0592650159478042,-0.206347396074653,-0.141513636299875,-0.252755879832861,-0.273724945484949,-0.320448645756112,-0.349972648713923,-0.18252531511996,-0.532332079575146,-0.413280001574003,-0.253360329583064,-0.0100828499376568
"GSM388303","AD",-0.318391633398577,0.149785365216421,0.0271615258074499,-0.289437098407521,-0.322231668139475,-0.215040343073403,-0.0293647177133525,-0.28316700623106,-0.011852199564502,-0.236258964374169,-0.121787777721292,-0.268266163501553,-0.148053255772154,-0.344116304113675,-0.343964749164945,-0.385034824238345,-0.375962415916102,-0.0397108493756613,-0.482500797436459,-0.397438922463987,-0.263646546009667,-0.168629915360052
"GSM388304","AD",-0.292279881068922,0.193264702944721,0.0181914054086102,-0.193485588908241,-0.234577101626215,-0.193185907928551,0.0242651555732749,-0.316080758064117,0.106853664270128,-0.241356816938541,-0.0432753265992362,-0.214085625601395,-0.198275740376004,-0.201175543151617,-0.257423093321075,-0.369492373356288,-0.356577062348256,-0.142739121684372,-0.53094961429811,-0.270462683668527,-0.287137454369094,-0.201515656317694
"GSM388305","AD",-0.406856054927838,-0.0467230637423149,0.104122726022222,-0.349839466601006,-0.324116509894578,-0.0147728148231554,-0.0585597661046555,-0.451398044543335,-0.173639330032737,-0.0748336552504558,-0.147367464462378,-0.230578675267368,-0.199443940468784,-0.337476241549823,-0.413694662350596,-0.41163588534632,-0.445267148236652,-0.0594701507519338,-0.403105774131736,-0.418953189388381,-0.2353863873182,-0.26839320838714
"GSM388306","AD",-0.340637130193138,-0.0965828354046961,-0.0829250329504015,-0.392805619716603,-0.224842390053559,0.00154455657508269,-0.136283039071789,-0.430945441650598,-0.0390005603517608,-0.13443151717205,-0.193981302492662,-0.267334863339217,-0.260611690951086,-0.379350747348516,-0.360840126710323,-0.407446940633384,-0.378971439999597,-0.0167411958956935,-0.493438018853831,-0.499809299809863,-0.280741328002619,-0.371967410634713
"GSM388307","AD",-0.321545120712143,0.180817284288205,0.0514017675226032,-0.16423441818443,-0.249115004931652,-0.127410347496418,0.0899658287061492,-0.333500410101398,0.16487292678816,-0.0326099554214443,-0.144030000439522,-0.192578644670382,-0.160745319338942,-0.355431072777142,-0.310972265525792,-0.508667316647105,-0.390617002505914,-0.152358282439731,-0.334429572274211,-0.343486636795907,-0.201286937958516,-0.199846312857639
"GSM388308","AD",-0.315413372479603,0.195859922476091,-0.0248045289629718,-0.245694343093414,-0.168907706333459,-0.0543951813424946,0.17403347112704,-0.225845894429299,0.200114257306135,0.203668819836372,-0.175489008318287,0.00233816583395837,-0.271619517236038,-0.290838863298802,-0.16987819805163,-0.460165854661757,-0.303210360937728,-0.124589560202007,-0.4484596344179,-0.38451982956611,-0.187504862154213,-0.213601184867314
"GSM388309","AD",-0.350446230599675,-0.0400011843261794,0.0251100877008231,-0.222182655989422,-0.156693458113631,-0.14386402731956,0.0271859025319262,-0.283645212571145,-0.0243636190852843,-0.0289286423837963,-0.0617176636815931,-0.179397087518449,-0.20948891344347,-0.308775416300485,-0.257570292377084,-0.370602597464345,-0.366659901749902,-0.103228676679596,-0.337685342556131,-0.289204375590322,-0.103268145842237,-0.216706381994253
"GSM388310","AD",-0.382413474690832,0.0964243789280767,-0.00629886406479995,-0.23965986067696,-0.237966160089503,-0.135563323023448,0.0834268822108569,-0.274750843903079,0.0664230782852596,-0.0240537161023154,-0.189926067918661,-0.19680383491183,-0.14415485250894,-0.33929522488942,-0.345186002384221,-0.454174828194272,-0.404329310994531,-0.103029233098494,-0.427090552816367,-0.292357902671741,-0.278536206359042,-0.132346057564277
"GSM388311","AD",-0.344745968547043,0.0973981766410517,-0.0938884613502264,-0.308941042450929,-0.313667547909528,-0.214955567012964,-0.0378945688165385,-0.329548971060459,0.0176930888108281,-0.147721318490964,-0.171811828036388,-0.257609513454501,-0.219510406393517,-0.329084318255679,-0.382907249340675,-0.431763324045836,-0.428597278474361,-0.109133945024154,-0.407554977575683,-0.449484676650941,-0.259502142882325,-0.318577894981912
"GSM388312","AD",-0.360686921608151,0.0159186503142707,-0.0546789877277547,-0.319387671369803,-0.248539073429389,0.00478072850124013,-0.0381226850581515,-0.422272228319919,0.0250792075975619,-0.138747168332472,-0.178641181349458,-0.222471916237684,-0.198556644544756,-0.273666883374547,-0.274291255480103,-0.301298928715849,-0.430016789112431,-0.0550819322501245,-0.417917337762038,-0.348942416173943,-0.299013985880072,-0.297618765340066
"GSM388313","AD",-0.289826020847948,-0.0144194746237757,-0.0349976702247251,-0.357744431715524,-0.292273100602379,0.0312154593066355,-0.0260781014347338,-0.22352604122607,-0.0183612369295842,-0.179963025038708,-0.155550434330451,-0.227321874394512,-0.275003766595344,-0.320237950775104,-0.371700662065088,-0.245586040156746,-0.46319509459536,-0.0766879296852353,-0.477141472697976,-0.348323475583516,-0.279348210737559,-0.273217244960808
"GSM388314","AD",-0.322233493219493,0.127116163437788,0.0804132301372432,-0.287784925539864,-0.253616567149815,-0.223045490458332,0.0178540203636419,-0.197864074467154,0.131705414050757,-0.205625583998225,-0.082770225191538,-0.262418321218713,-0.316516899415983,-0.293396864805087,-0.367268150636917,-0.38846301243169,-0.493429083123952,-0.12120993698333,-0.436650295820778,-0.518517383781354,-0.214443606270912,-0.136148642524469
"GSM388315","AD",-0.281512109514479,0.123872083180721,0.087060378745855,-0.309399718096014,-0.270593034464472,-0.203258773959606,0.012703086164074,-0.296869523364765,0.0852102204293634,-0.302625360439284,-0.0832368515851441,-0.249316547899768,-0.150887749869881,-0.309640511043297,-0.299643973256387,-0.258909727158033,-0.432587444956724,-0.150823693377501,-0.53014778443743,-0.462923573807448,-0.21511078056124,-0.0928204928667089
"GSM388316","AD",-0.309213628088372,0.0761687627615348,0.0155031182238675,-0.30826526077418,-0.31634942655183,-0.218229992226551,0.0103673317753463,-0.213328038820698,0.0561801367239451,-0.152353350012052,-0.160124044437496,-0.299581036681146,-0.202479906519929,-0.345552386869413,-0.294375635488346,-0.375874779823202,-0.382818633381806,-0.0965628567481553,-0.449731979780823,-0.365581878817287,-0.286534541807973,-0.173249320353755
"GSM388317","AD",-0.352759698119876,0.117615270930967,-0.0368102912241132,-0.339892949448192,-0.402814079186037,-0.137225390112376,0.0365310030027502,-0.180625984794179,0.181840668899884,0.11204319194343,-0.128842365601683,-0.176888980390397,-0.249128832683902,-0.405552944176682,-0.255945258126414,-0.382249725523006,-0.42595789126367,-0.0548727085861024,-0.60585386652561,-0.26378311005968,-0.240365114196426,-0.203757777689852
"GSM388318","AD",-0.234439270829395,-0.0475784936777747,-0.0103382319289734,-0.23825264433224,-0.189565491006234,-0.169692568199689,0.139355259030362,-0.190140185287879,0.015429425426358,-0.115177828328725,-0.113586471342255,-0.184286405618193,-0.29795245834376,-0.150554345833819,-0.324005709928125,-0.345214753739623,-0.354233259848093,-0.112083085072739,-0.365418247186175,-0.520300655596326,-0.196074381216725,-0.123872764150033
"GSM388319","AD",-0.325990394642676,0.171687929468581,0.00660748580405069,-0.27467748613175,-0.227531301534155,-0.137697957077621,0.0339976385204992,-0.392359765193006,0.182513522736712,0.0116754997423818,-0.0873891986290314,-0.160026512235246,-0.257001414653026,-0.23866915133099,-0.161483602508367,-0.303453300776435,-0.397291445685947,-0.152522282599628,-0.359538189805154,-0.459482639078005,-0.191288816565112,-0.183584293228099
"GSM388320","AD",-0.313975563937057,0.11546956670465,-0.0186205954642004,-0.185808476328596,-0.344523134204903,-0.0921601790231798,0.100665108621326,-0.505052308643116,0.0820283512408793,0.0243954592011221,-0.146432600532647,-0.0516132364010121,-0.224777725965339,-0.338592304812563,-0.438302001857051,-0.388880456953154,-0.474438309559412,-0.127932260596663,-0.491405422787884,-0.298034702054189,-0.265389222766123,-0.262378813803083
"GSM388321","AD",-0.376771860052609,0.0850300605848316,-0.0923168678431413,-0.274486166120822,-0.378529988427063,-0.115554907932932,0.0229990527907083,-0.446086139132052,0.111683900727027,0.109647429136628,-0.236000574152202,-0.137175479140036,-0.247805290980752,-0.393455590177992,-0.363599610550827,-0.374557287185926,-0.48261874415707,-0.0474376835127995,-0.388292580654856,-0.36476281193292,-0.311499085551427,-0.211536460137523
"GSM388322","AD",-0.259315100586175,0.225266286283908,0.064361145295867,-0.221331853144515,-0.169192824688492,-0.0941903057744943,-0.0473821933027365,-0.278906088914971,0.1659218443083,-0.0326431643814812,-0.0790553089595731,-0.198032937894871,-0.103149332209812,-0.230848567902374,-0.0717708088370873,-0.442036392776344,-0.360077160402807,-0.152015888838837,-0.581723561677444,-0.50997426764451,-0.098476595340994,-0.131689224653015
"GSM388323","AD",-0.292907228844837,0.232065707033423,-0.0796514283640313,-0.209577753679015,-0.267891692609319,-0.167797823006649,0.0174779546351256,-0.450433071278097,0.107388571906264,0.0530898135809613,-0.160139344064057,-0.181636476969317,-0.244720181199448,-0.419631428558625,-0.268653335719383,-0.433820260327794,-0.372593825048208,-0.110535369084432,-0.45115450685576,-0.35880078142145,-0.250531469107487,-0.246573043310448
"GSM388324","AD",-0.342414591922423,0.114343965949594,-0.0114421902824411,-0.202645304338015,-0.3314370445881,-0.216433667366366,-0.0475572233490705,-0.303600999900797,0.0570117049785119,-0.107561790725953,-0.21569211767829,-0.301812978444033,-0.216891468457996,-0.347156408660097,-0.339131615769408,-0.445631249318254,-0.451643429577935,-0.0923972646080294,-0.453180776296493,-0.3643893603355,-0.193068202868408,-0.220009813744813
"GSM388325","AD",-0.308226283841806,0.279103356706774,-0.0777437088104265,-0.299287681967018,-0.267599980496173,-0.0818765550288738,0.158258056075748,-0.33165107159426,0.215593885519961,0.111585611403403,-0.0925386315500674,-0.0751192975465296,-0.236489965429854,-0.248763896983439,-0.193598672952421,-0.380027191069608,-0.335331084922692,-0.134427644959785,-0.513154796902361,-0.298436035942645,-0.305443767421066,-0.159534079800466
"GSM388326","AD",-0.240747530452756,0.17060780016783,-0.0435919069604057,-0.189149324449585,-0.305848482330296,-0.160406334006398,0.0621298848344264,-0.282573249319018,0.101951828341545,-0.0684524751888431,-0.147385339953251,-0.099939161495966,-0.271707324972604,-0.295234985758149,-0.33978502540034,-0.349229507928614,-0.431697073152102,-0.198619259999513,-0.470753015788008,-0.428186365924145,-0.205586996448214,-0.184454115318626
"GSM388327","AD",-0.228455775143954,0.0239944113179894,-0.0357174257398462,-0.291238992133268,-0.255535094305691,-0.190529993485386,0.0849259318049295,-0.23806061399334,0.0700553611462569,-0.0253897376738988,-0.137583655825204,-0.176202668727684,-0.194044716267613,-0.263511832961362,-0.383565322918057,-0.331429048317981,-0.160570971305234,-0.13591224093848,-0.419115960886344,-0.519346812532503,-0.215557284494606,-0.241049922343893
"GSM388328","AD",-0.249973821888032,0.13064609784709,-0.109578037241056,-0.288020675337549,-0.168860185467895,-0.137865951999471,-0.0804678158585927,-0.266309734577195,0.132522530125213,-0.0722874864143645,-0.282319402978943,-0.178407210455702,-0.159198369492673,-0.312562764042236,-0.150647915498067,-0.49258326117777,-0.211129878757297,-0.0881303707005082,-0.379244725604102,-0.381471854925754,-0.264238000596234,-0.183521581907483
"GSM388329","AD",-0.280297042766076,0.0964798150020734,-0.0326691132318649,-0.280066732222312,-0.118195542000928,-0.159884938142243,-0.0636648070313048,-0.246159822583837,0.157347481006166,-0.216394859063393,-0.107908614501313,-0.187115225349735,-0.20162233270297,-0.25118139167507,-0.0562240473771482,-0.485173443916152,-0.233226065779856,-0.0869919865523961,-0.450416924726576,-0.39072117613936,-0.259243681815355,-0.195348341212774
"GSM388330","AD",-0.312801698892661,0.14894798457024,0.0361693548065893,-0.308696263866976,-0.298792460918136,-0.153277134164179,0.030437366117696,-0.257781971699044,0.0654323955515386,0.0370769413619616,-0.139450654451669,-0.150924098224722,-0.157465225942433,-0.285357617154572,-0.189291328876962,-0.374619359610714,-0.355101474688388,-0.0889562979170809,-0.407513703986085,-0.513043154023764,-0.207731439583758,-0.129908822186559
"GSM388331","AD",-0.202434416657226,0.147166974796715,0.0782915586498318,-0.197152236879872,-0.287248913919139,-0.141855700486027,-0.0278816422328146,-0.33905790174515,0.180391405792514,-0.145105687290596,-0.125434456651135,-0.190772043864578,-0.126259079003658,-0.300126250541164,-0.169600654732751,-0.350567685942715,-0.482099679802743,-0.0718896037254621,-0.363377361571463,-0.473706561179767,-0.151852921470593,-0.0983714226273217
"GSM388332","AD",-0.323090613474436,0.178265194821446,0.0270711478310569,-0.282472172392919,-0.249563433169243,-0.0792490725862581,0.0366156382454425,-0.44544292268444,0.188396418138496,0.0100984926020828,-0.106637601205034,-0.116737669636345,-0.191799171926006,-0.244330902488412,-0.252716488039045,-0.330448292271689,-0.409204341186856,-0.147350537333829,-0.527380160993601,-0.52303777047512,-0.117006835904947,-0.156704416704341
"GSM388333","AD",-0.265703466895561,0.0547950425110809,-0.0337570615440088,-0.379041438574315,-0.234815502112068,-0.0374353357525447,-0.0567072075293947,-0.319944250318704,0.0256824583226694,-0.239875802965239,-0.129480461505175,-0.17313038198881,-0.135349675639168,-0.360545904794422,-0.237064359664234,-0.293338243184606,-0.429187511671852,-0.0589118025802411,-0.307090765000131,-0.470480040096336,-0.21993191208005,-0.256333200734815
"GSM388334","AD",-0.358862499335326,0.109853346668852,-0.142716676439343,-0.238658898045431,-0.252031809926238,-0.0404087561012714,0.022417380157186,-0.307003822799592,0.0764717070885984,-0.0364418820575674,-0.217146790792208,-0.143299318495046,-0.320754893281708,-0.32651443887789,-0.297615762722273,-0.399065919783451,-0.274803463886072,-0.0816363698368314,-0.539382652488025,-0.436113110918533,-0.248058251028898,-0.128538127443233
"GSM388335","AD",-0.238950602764617,0.173540199344164,-0.0928170506924598,-0.312681193890545,-0.092714068124858,-0.0339521432832006,0.0657751266763572,-0.295217769704166,0.152174784004252,0.151569895491146,-0.223896908252368,-0.0985840907234123,-0.0827421683773395,-0.292971250826546,-0.184772739365836,-0.444311551264807,-0.282814046077522,-0.0847437065176074,-0.516876117777893,-0.346831521797217,-0.197709897229163,-0.228959600579422
"GSM388336","AD",-0.262279767724074,0.207064818799134,0.0905514069971478,-0.29609373572177,-0.191048550836894,-0.0731194863979962,0.138853107270233,-0.174704522110218,0.202285143151108,-0.0857374573979598,-0.197755008553462,-0.17530240816997,-0.0954632742446316,-0.202898263681622,-0.286943619796483,-0.206038717906017,-0.138508453124999,-0.188868911125193,-0.44914861395641,-0.428321788454031,-0.133367571535488,-0.27174886050532
"GSM388337","AD",-0.316568618624814,0.120551636800824,-0.0111847962070179,-0.301137816077553,-0.219316968350407,-0.0981253189733259,0.0456546238012443,-0.406304264826699,0.196701830797248,-0.0548662209889872,-0.095215937147815,-0.285488748291858,-0.105961593208465,-0.249099452029472,-0.228207111045556,-0.463251475052784,-0.28995250601848,-0.0264354337332161,-0.466832167946729,-0.459139259505939,-0.133029304217638,-0.223754195846266
"GSM388338","AD",-0.267184702740418,0.0866728324883983,-0.000992434927168781,-0.348248743756356,-0.34641945489463,-0.198407964454357,0.0372952740969218,-0.394665634310178,0.146611995336748,-0.0856898756397603,-0.173468372583288,-0.2811045504901,-0.384770116273392,-0.258893355860704,-0.225679196722816,-0.429221999477654,-0.345165199392528,-0.191897135377797,-0.417786244987944,-0.430399013027787,-0.151688461119661,-0.176852855667297
"GSM388339","AD",-0.393112594273992,0.0670812169220214,0.041177131381317,-0.374314367705714,-0.260004595063206,-0.00464263287955859,-0.111668662510654,-0.29290954119677,0.0338939423348321,-0.20557503975187,-0.140521063970369,-0.219915760649477,-0.0509297792988162,-0.120912537023643,-0.3416095491085,-0.282878016062127,-0.387620097024223,-0.0713800442071462,-0.550801625797926,-0.388591919619494,-0.210522670766647,-0.214639195605122
"GSM388340","AD",-0.267882944985454,0.197922298463111,-0.0286197289407995,-0.176422729846801,-0.214216994450067,-0.209871669704056,-0.0764624813409794,-0.301363899620707,0.210241555526321,-0.19077237693614,-0.170555409669698,-0.218403177048685,0.027122489362499,-0.284204071983496,-0.226306746054925,-0.363003208983098,-0.413915480866221,-0.147058781192494,-0.374659461310106,-0.517107354904399,-0.263014559237931,-0.132009897236251
"GSM388341","AD",-0.352983676161078,0.13333114908238,-0.0101072334665869,-0.325531518711625,-0.274183759133103,-0.152823203154874,0.021302609474548,-0.377124023104846,0.0924126766527291,-0.186060408813931,-0.187921508862079,-0.198672116092522,-0.214623442667228,-0.297863931783092,-0.37299172572576,-0.442231451263771,-0.376156171714543,-0.0774515565999122,-0.456683697591417,-0.517314712092186,-0.191801785657489,-0.282840731311625
"GSM388342","AD",-0.359753393352344,0.0731250667479535,-0.00796422406262602,-0.235041208554902,-0.292089360994346,-0.189570761333663,-0.0257958901888614,-0.434393397824614,0.0305764768782339,-0.119513872058184,-0.220090082851417,-0.222902297327414,-0.141286455108967,-0.300768679464332,-0.244381718362397,-0.483764291002011,-0.32485901649901,-0.0815078210916301,-0.4000203079434,-0.43660274839172,-0.186817256660867,-0.210036605955574
"GSM388343","AD",-0.364861080046627,0.0836830624529741,-0.0445191473621298,-0.267374273287255,-0.334563761341875,-0.175414065500469,-0.0233713494541639,-0.26719937973007,0.058535944519115,-0.0677955363971424,-0.243498948326882,-0.278677879891228,-0.153589324309894,-0.264523562640217,-0.283627126646675,-0.444171852798787,-0.439646147365973,-0.0603105187778164,-0.573008910834942,-0.533281215551822,-0.200160347888334,-0.275159416979685
"GSM388345","AD",-0.301273182253739,-0.0910730419295886,-0.00480504390054655,-0.206579457596982,-0.23640589954171,-0.15604922572859,-0.0238258452534615,-0.426753280942261,-0.16296312962423,-0.268411875639403,-0.11736156875996,-0.25989751080945,-0.209472005435196,-0.267461984702255,-0.166583389615815,-0.3165600930142,-0.164485371677876,-0.0915038054280991,-0.343060491403856,-0.293011571867238,-0.203482157744651,-0.276352278335956
"GSM388346","AD",-0.295243069465481,0.144245297325714,-0.00265324319875564,-0.247554776412579,-0.236684578095046,-0.133878447904892,0.041489187618309,-0.297690536702687,0.0444141711693418,0.0754841335925716,-0.203357808424778,-0.194589149524212,-0.126815250714691,-0.268354222411249,-0.300322453941435,-0.297675565904473,-0.42500314086565,-0.145151934258648,-0.354908360742548,-0.430074810736664,-0.162116860296171,-0.234095921943237
"GSM388347","AD",-0.371264493310569,0.013101232384309,-0.0481913737995631,-0.330978705895545,-0.222123518888985,0.0208627175506867,-0.110198093154202,-0.385649139909852,-0.0217040781050863,-0.108332349900293,-0.17999077868753,-0.219339289729107,-0.221969501701278,-0.262220526943508,-0.370774332395832,-0.38456033174878,-0.399724442683974,-0.0376585445427269,-0.545851099923049,-0.510886639270774,-0.229195928660457,-0.334400819389128
"GSM388348","AD",-0.297304239030243,0.0373880751264294,0.00520393692476162,-0.161938012961413,-0.217618224691832,0.00479855598387051,-0.116708339897227,-0.257669682490685,-0.112790370049738,-0.254133403375799,-0.121682985968142,-0.231021253337197,-0.0929570399239478,-0.209654194972399,-0.235835776428113,-0.236817201343068,-0.297392053490857,-0.0901942200534487,-0.530728419853785,-0.510057210519625,-0.217802971779142,-0.247092734635304
"GSM388349","AD",-0.396278368027306,0.171606891990135,-0.050934319233895,-0.349352218446886,-0.230949206913948,-0.102533742995221,-0.0135688482340059,-0.453032581186941,0.138515008777231,-0.00897243925421352,-0.220410986529832,-0.0504489279798172,-0.173076472426766,-0.302334739906166,-0.179566782392929,-0.288399797048004,-0.285326452029743,0.0528975720965067,-0.53410163512975,-0.292582110788122,-0.112282509560398,-0.244911942239454
"GSM388350","AD",-0.323620397504467,0.0350936442450086,-0.0424604926253318,-0.320564806871104,-0.157161186641411,0.0686861112735036,-0.0704504099859452,-0.503701242698511,0.0272610421206934,-0.108462528647783,-0.194842168083777,-0.280964396653262,-0.296731175996115,-0.277331526666075,-0.406807746971979,-0.327348296669924,-0.306750904185873,-0.0446442119134219,-0.458262917682868,-0.425220694706735,-0.207690138257771,-0.351602725559543
"GSM388351","AD",-0.246915157270595,0.147476085038403,-0.0418365984198283,-0.247100117680884,-0.197777177532772,-0.175426290430907,0.0264576953265294,-0.277478827610424,0.236840457095219,-0.205142001572023,-0.13560101499185,-0.287492801860184,-0.118103172598512,-0.173549315062935,-0.211340719136988,-0.404730567736271,-0.457291513857896,-0.134222676382644,-0.405183131249395,-0.516319397590806,-0.15016827522313,-0.24989287313531
"GSM388352","AD",-0.296736432997541,0.189499829041402,-0.0157025198500424,-0.226251830069234,-0.372940985886182,-0.0562312311768282,0.155131234338316,-0.126894209725849,0.180701606885892,0.244472201760617,-0.0837960357848532,-0.0590330902359395,-0.123997650322297,-0.294115182270692,-0.22408514629791,-0.389836824833275,-0.351618288145802,-0.128810755614377,-0.428576264404612,-0.403997020584476,-0.192284280634668,-0.243802420811729
"GSM388353","AD",-0.350327867885194,0.0926997907408199,-0.00968734295407878,-0.231834990586466,-0.107404159773046,-0.123438571222296,0.0333820710904701,-0.346627815301354,0.179851629102687,-0.0157214131181958,-0.231646957924525,-0.110815391610651,-0.267878024841372,-0.271635142435791,-0.0622499146377117,-0.28394703406992,-0.23781851423279,-0.0803199210128896,-0.437652958079724,-0.399544270225647,-0.236271425347683,-0.164877338493785
"GSM388354","AD",-0.324144801703078,-0.00174047097143733,0.00915186096971639,-0.298484191001057,-0.232451710806004,0.0151757391319645,-0.0983480358215407,-0.417123274270331,0.0322927356251398,-0.101232659857054,-0.137043199902994,-0.224084178619743,-0.150618370182914,-0.284119439679802,-0.151847415780601,-0.588225518902556,-0.504126736066618,0.0507959934077033,-0.470210725911126,-0.354924471333636,-0.29829166988013,-0.259386996114771
"GSM388355","AD",-0.261145054855217,0.0469413498832356,0.044349480423104,-0.290324263422179,-0.28005269669394,-0.00633758517669465,-0.0304993376686331,-0.388106231914177,0.0912570164830896,-0.0139100280536197,-0.240608337206758,-0.178771135010987,-0.351702578449615,-0.247804711248051,-0.277628895628297,-0.337869763020815,-0.338653302296879,-0.054832547400776,-0.371191514513845,-0.506615081202353,-0.209101395247367,-0.254098004592225
"GSM388356","AD",-0.304007056448231,0.192424121105474,0.0234929008060459,-0.141319375899984,-0.127793903535111,-0.0731874610195451,-0.0125782722331816,-0.283108892904925,0.237475768608957,0.152799262876821,-0.0797266208556357,-0.119811940796217,-0.091505501715056,-0.211238821849125,-0.103651387023648,-0.317461710031918,-0.215415467919101,-0.121566117288914,-0.400096024069985,-0.404769513564932,-0.18058139340875,-0.323235177158933
"GSM388357","AD",-0.186634950142709,0.105899475026689,0.0435389249425831,-0.291825161382725,-0.100843126381517,-0.137481119605799,0.0319780104007012,-0.301150780343862,0.18207430025436,-0.0965299264110619,-0.218270768067295,-0.207931997599424,-0.131071520904608,-0.260009916063505,-0.233880151307517,-0.328504575654267,-0.177679061797801,-0.119036377682942,-0.376380386834968,-0.583746984600907,-0.139459172934918,-0.158738092534632
"GSM388358","AD",-0.325598774732872,0.165110191531732,0.0715531185204518,-0.162720018126554,-0.256244400950865,-0.131590032972993,0.0896017584269769,-0.353618869972608,0.0850028814807629,0.000186072672715094,-0.174959979587128,-0.190374123516803,-0.397975154479396,-0.36895371339551,-0.216578922023253,-0.34947461148444,-0.277355769758854,-0.161838686132043,-0.406103609945945,-0.514204354275374,-0.161445237341375,-0.302353271539549
"GSM388359","AD",-0.307672505142593,0.149865570620903,-0.0344770735454571,-0.266055224153265,-0.306501393706515,-0.117077889185321,0.034235648332244,-0.525288496754277,0.121057599282462,-0.0323865055000194,-0.209211843455183,-0.215415358002116,-0.213463025966762,-0.241178724076987,-0.431312646697482,-0.385335768449937,-0.340504653443196,-0.101521591997481,-0.490691108240853,-0.514079939962702,-0.197845731704602,-0.130819225060064
"GSM388360","AD",-0.287704273223049,-0.0395530917419306,0.170917061714186,-0.214413700190442,-0.303414594171893,-0.176280985852052,-0.120274065468712,-0.463881073319665,-0.0529571845440164,-0.218650866242789,-0.219267676144589,-0.271600859459635,-0.179631818477577,-0.248086222827608,-0.395870047424664,-0.431168049569823,-0.379857760526561,0.0462867165030675,-0.481438404617803,-0.40805346858717,-0.169271177293692,-0.211129507234931
"GSM388361","AD",-0.267015401736139,0.176401971519916,0.0334342762493702,-0.234551208780035,-0.255106125980558,-0.127021996331046,-0.0021974783815075,-0.289004332188934,0.11856704416688,-0.00226121121784282,-0.13750395056506,-0.191337174918332,-0.142913937082764,-0.289890679229619,-0.398258749403542,-0.405740405888047,-0.378881808077346,-0.0836244383145876,-0.453386979808729,-0.474402773707396,-0.209540515452954,-0.17838759800736
"GSM388362","AD",-0.378174329464558,0.0184877918922822,0.0161778000410744,-0.260587380474162,-0.236977968697869,-0.177225357609205,-0.0437609456384978,-0.37875400539476,0.0478472077349511,-0.120779577648437,-0.197193826941799,-0.284194353552968,-0.235371285052944,-0.283482549742077,-0.408127577631087,-0.422957143245082,-0.549190063352325,-0.0804138184955414,-0.571752020023722,-0.600925947293501,-0.105646453767597,-0.137747266695005
"GSM388363","AD",-0.314437350299072,0.15100384956569,-0.0555456159838209,-0.169723267831529,-0.179988595054954,-0.113884508471393,-0.0155852037499728,-0.30324033461106,0.0823118366515053,0.024444811603214,-0.191275340794376,-0.174254264443782,-0.184200102763902,-0.226502369359503,-0.121457154023652,-0.320102974666277,-0.286389823814943,-0.0632997521219681,-0.385353671218084,-0.329778491198468,-0.166958686421784,-0.151416993637179
"GSM388364","AD",-0.353120766988852,0.111687000160332,0.0308270623600275,-0.257883580706192,-0.288970619638233,-0.214372386786642,-0.0777442331815568,-0.28978630415252,0.0774657105297553,-0.210723135056089,-0.110954331659384,-0.366811296180225,-0.319847753319197,-0.33892447071043,-0.288346376367114,-0.355007456855863,-0.325326969476336,-0.0376662672161689,-0.533272155963529,-0.514536125775834,-0.222401973467634,-0.145925474541022
"GSM388365","AD",-0.293165702316358,0.15301296669418,-0.0835566896919206,-0.280464896245772,-0.222085696578813,-0.149480213989147,0.00228557520761714,-0.267744927604486,0.168670535181872,-0.0311191425396711,-0.241119801610247,-0.247468779314665,-0.296871422561975,-0.238289555926929,-0.306391607882112,-0.33134251105014,-0.391086830998027,-0.168343140860719,-0.418174456180821,-0.484834138425265,-0.148281916511879,-0.315895531247341
"GSM388366","AD",-0.353665329009301,0.136905778096409,-0.000456684544511011,-0.24824826213558,-0.258014372388056,-0.128847075072292,0.0223254999472667,-0.218442376759651,0.0554955784624,0.0579304696543313,-0.192002444781333,-0.173939609253792,-0.166114432579977,-0.345015733879197,-0.213202770211623,-0.395526864121824,-0.386668487020185,-0.0971922766865343,-0.367408116917473,-0.593256746441937,-0.16972932653848,-0.144152659994793
"GSM388367","AD",-0.236981982746565,0.127676005025947,-0.0193198283500077,-0.177209975332082,-0.306465785632569,-0.173194361959667,-0.0281252150843019,-0.211421300255038,0.0638674590840643,-0.142325831014435,-0.245408978130102,-0.0747993810806859,-0.324770489062067,-0.260766898263291,-0.342847383197482,-0.320707937227307,-0.254185311329796,-0.139630857053985,-0.376340074898643,-0.588196670481119,-0.195179010899793,-0.121985233711289
"GSM388368","AD",-0.180638764141357,0.218138265077262,0.0273871115349855,-0.191903355549944,-0.301679612728529,-0.0326450203756494,0.0534506119190458,-0.35107120586073,0.165833372209556,0.0270804241767903,-0.16161035729748,-0.115204530384653,-0.125949936159361,-0.38689316038618,-0.404888143832939,-0.336902973948213,-0.535855375234526,-0.178246749383083,-0.296476700382074,-0.381412811216277,-0.141639766847096,-0.261344663103908
"GSM388369","AD",-0.361067140935365,0.151783152309553,-0.116420247127744,-0.27378519447772,-0.317843366627564,-0.0939986096032869,0.0599933559274716,-0.412155284306367,0.157127899525156,0.0833147670424775,-0.162052854979488,-0.0913537007888052,-0.2271137388094,-0.374106889183493,-0.372393291495567,-0.428415620492905,-0.242530505071506,-0.0759216142810781,-0.402968977515936,-0.437607516843114,-0.158103679742101,-0.183834879375858
"GSM388370","AD",-0.363052994224231,0.116702952196136,0.074813633649422,-0.230561698136293,-0.275696360882153,-0.117284564832205,-0.00355197079581025,-0.35889619686202,0.116066780542207,-0.0640510733779166,-0.111930838226381,-0.168478443284364,-0.14668345740037,-0.252510153248421,-0.338937675205658,-0.342976781293608,-0.395588331783718,-0.061633945535301,-0.475897953034267,-0.535562144617484,-0.163338889889982,-0.164430127598973
"GSM388371","AD",-0.323620128571881,0.175221590779092,0.062049201809492,-0.259394408067267,-0.160489525387768,-0.123436449235402,-0.0103240384183082,-0.555977265863893,0.114228990432424,-0.143982454030803,-0.0870704540426874,-0.142787224501474,-0.0410514737264,-0.335790209711425,-0.325260831204258,-0.362573451045209,-0.454862661145802,-0.057211427364798,-0.573590098853317,-0.352785445555041,-0.162276829798235,-0.185558521953826
"GSM388372","AD",-0.262626543165309,0.171197496813509,-0.0166305514948839,-0.233473675395429,-0.194621708197146,-0.148525589216268,-0.0552300088464,-0.335597441444029,0.167577651562855,0.0320394902725386,-0.176436790824139,-0.185125571635525,-0.191615325318903,-0.103114344809247,-0.250584244165711,-0.323533513022217,-0.400509144745212,-0.141363923420545,-0.431708388345625,-0.470806796495352,-0.126553874000935,-0.198431937812831
"GSM388373","AD",-0.268971700279601,0.189588463233395,0.0976598215213338,-0.195363205489029,-0.3233134355759,-0.149761883354372,-0.0123204317660438,-0.164054189327327,0.129759315382917,-0.0865878684099875,-0.0477706115637707,-0.196334597109243,0.0861140958015447,-0.36109352689288,-0.243737922034071,-0.350903907179496,-0.312395288561531,-0.181825820649934,-0.175127863690629,-0.376052649884067,-0.179651300400482,-0.266164432899458
"GSM388374","AD",-0.301045188239107,0.119340922186332,0.00945815600594629,-0.21313009180173,-0.226083162692045,-0.0934005324921464,0.0271832457611677,-0.44795591154219,0.13783684190669,0.0399541946366381,-0.181286905287487,-0.258139997421375,-0.228104470741033,-0.242604885460101,-0.230680586393552,-0.412396347781219,-0.367514168903915,-0.186959415740377,-0.430759080979196,-0.253795841913605,-0.175138131705007,-0.256667079194827
"GSM388375","AD",-0.268502239366549,0.151047940992415,-0.0230712792745148,-0.342565563358028,-0.171368689343553,-0.192575023224653,0.0931633470577128,-0.286148393488916,0.169777538620361,-0.161283006038146,-0.103029323281041,-0.218507599339944,-0.16725810109353,-0.331097781837689,-0.299176854035217,-0.347817952833876,-0.380019340249525,-0.177529431302471,-0.523180159441173,-0.33222237647139,-0.144013430324759,-0.150148516554598
"GSM388376","AD",-0.325299810681493,0.192578275853737,0.081585131150744,-0.195151435055503,-0.252974694831667,-0.102560606986268,0.0236626191969673,-0.343081214996928,0.230419487490732,0.0352996039293681,-0.131133209524624,-0.234183748489378,-0.207350453679788,-0.322011575660744,-0.244199217830554,-0.319074248073584,-0.330530550056894,-0.168082318358777,-0.537060110822606,-0.313326307909374,-0.126022803026762,-0.2036592285057
"GSM388377","AD",-0.394336216575499,0.121202533496717,-0.0134728170965729,-0.194599105212896,-0.313784308659422,-0.15955043645442,0.029505210071023,-0.31702133630238,0.0457587116853925,0.0575986760326844,-0.226963815999303,-0.240456813361985,-0.156560539569706,-0.323371822484484,-0.423049272024341,-0.328577638730315,-0.411626394562397,-0.0823427894761339,-0.443066377372297,-0.377518486023589,-0.249465270543413,-0.252764605694123
"GSM388378","AD",-0.239295948941563,0.160598830163917,0.0286255320786791,-0.277568688950876,-0.251271021308802,-0.198145208542069,-0.0152965581084876,-0.0697332791673892,0.159853145128751,-0.162257582722976,-0.0233877582652167,-0.243314808487394,-0.21021740523948,-0.211140175524893,-0.339569644722692,-0.42385340184242,-0.368366744901008,-0.146239468178856,-0.414692516434466,-0.397132801586883,-0.233184839548742,-0.140011380129206
"GSM388379","AD",-0.364483736377186,0.174725582938842,0.0991948693562345,-0.231897468195575,-0.284575432286213,-0.115635373817245,0.0303373853419822,-0.194837356759686,0.143933204872122,-0.0911238933917033,-0.196562320256775,0.0195394699383778,-0.231434345000654,-0.323744622135347,-0.394508754686796,-0.39066175420446,-0.400649529039448,-0.208285539310504,-0.478141609830182,-0.390877597569068,-0.121953069593223,-0.273645487405503
"GSM388380","AD",-0.374030513510303,0.191699913902543,0.0452120739065139,-0.317099089976469,-0.369915725147132,-0.17662325964556,-0.0323575254606818,-0.16551197699508,0.155410807199238,-0.0172491820654819,-0.173433301510531,-0.25233261762743,-0.104024879221556,-0.224223379986167,-0.29508252125339,-0.220510229310082,-0.223646121438854,-0.141206961099971,-0.28433044114753,-0.50831541014221,-0.180640705609123,-0.338742120055978
"GSM388381","AD",-0.294997213729653,0.0150139902632906,-0.0176350088158594,-0.302652066125217,-0.278853916048413,-0.162740809340324,0.0433443018159995,-0.219588308557096,0.0453157576218725,0.019184870990211,-0.254122009697231,-0.173218243560836,-0.184407707031334,-0.180432193217314,-0.33262043378387,-0.403648591173107,-0.483275485480173,-0.115020513126392,-0.294918652358507,-0.445844593386025,-0.202374894357241,-0.11940124988476
"GSM388382","AD",-0.210240477853362,0.296863238770775,0.030005801661802,-0.0751034112457462,-0.355869360685134,-0.12865148186249,0.000806510903133833,-0.415272081719209,0.0971855918238186,0.0853001427639555,-0.197112037388767,-0.257560788602778,-0.140224443344635,-0.351135616381164,-0.374503770802306,-0.413619426837516,-0.545832715143285,-0.106322321439181,-0.479207886168086,-0.338255565069937,-0.230325492532843,-0.337457660592496
"GSM388383","AD",-0.357522000249876,0.0973987902692788,0.00498775636050276,-0.193154468904729,-0.306543197457326,-0.169810033164541,-0.00159252907359298,-0.372483415985144,-0.0390530318279296,-0.156985091679613,-0.240655136677132,-0.254292852687586,-0.326652662482662,-0.459565193942461,-0.302946202512802,-0.386744429934617,-0.381275527504606,-0.0986601729902741,-0.491128772999242,-0.479428869444905,-0.161712736555253,-0.198519793806771
"GSM388384","AD",-0.283395816191651,-0.0420019326015194,0.0667592173401646,-0.219056338020837,-0.275547091540109,-0.187212284247442,-0.0676310163341959,-0.2905379562769,-0.141516052795539,-0.0897252144339535,-0.193910189463407,-0.31126864776855,-0.298212478105145,-0.270071374056713,-0.328818620104693,-0.446012092500677,-0.355753160541597,-0.0923916752740215,-0.536728319156117,-0.500319961377557,-0.140538446456676,-0.210135703249545
"GSM388385","AD",-0.223878817979789,0.184932935223848,0.0365359276002762,-0.136630945722094,-0.320173237296093,-0.206457262599506,-0.0226435717026372,-0.14823841532654,0.174037522838001,-0.446774826971878,-0.118639542329618,-0.170639652639933,-0.031547254251839,-0.176500836891263,-0.284504756849961,-0.37631279940371,-0.375718159938632,-0.121856233267376,-0.322397342151564,-0.501140851444763,-0.127095412808694,-0.130625980259632
"GSM388386","AD",-0.283590503494095,0.0765607880115566,0.00320242775156006,-0.221413913069734,-0.224510995069296,-0.188915204246648,-0.016973549368004,-0.266887109079774,0.182990142699116,-0.147981822759537,-0.108559718592046,-0.249204760402441,-0.175657660511987,-0.205920081313539,-0.258610635128524,-0.409868625984628,-0.498088846246321,-0.0672908660565381,-0.328880046674313,-0.521378912972821,-0.114075855541952,-0.180651752274245
"GSM388387","AD",-0.174352828962401,0.19389650853813,0.077676182822767,-0.199367969908989,-0.195231456498046,-0.0803388790169995,-0.00579792821273592,-0.223521075403079,0.0956431186325584,-0.163102739032699,-0.164729176367538,-0.102006159349584,-0.0335982024248169,-0.151495500069236,-0.230877444747702,-0.30354454363476,-0.37098802427425,-0.13164382504169,-0.344918162302422,-0.460019621037837,-0.154955160044537,-0.127899820636299
"GSM388388","AD",-0.330979564558327,0.188643639711878,0.00479292256057636,-0.194281270279927,-0.259837266108236,-0.0237972917448928,0.119243841493571,-0.262323154816132,0.16838906932778,0.152105247567161,-0.257277771441688,-0.109633110194313,-0.260645674015269,-0.324714194769322,-0.345237985221151,-0.48069831157147,-0.200457109305837,-0.0526646582670988,-0.470453662640498,-0.252391619357199,-0.233315967411083,-0.282794038548841
"GSM388389","AD",-0.209118323682085,0.139819780600386,0.0348970408384175,-0.151331915059089,-0.191595551723956,-0.123340492109344,0.047715893280873,-0.501920277360983,0.118067931145644,-0.14525802693138,-0.0999357432517107,-0.0996379165480682,-0.104837244462772,-0.254462673789563,-0.273941464420136,-0.353609215819612,-0.352718984709315,-0.0821279814905346,-0.463070908195164,-0.482392633840283,-0.167303790035338,-0.125379894628222
"GSM388390","AD",-0.268820845726899,-0.0852468780501189,-0.0218979482522939,-0.369501132007883,-0.244132550741353,-0.0262142952797418,-0.119601492788786,-0.473627940938345,-0.0752571256078243,-0.215888463375483,-0.131221990401272,-0.251974629376515,-0.242571580409094,-0.325980026432917,-0.283216059079771,-0.365637486714189,-0.378593579904556,-0.0393392268537344,-0.503056220650001,-0.50732009564083,-0.264585940624615,-0.312779939721892
"GSM388391","AD",-0.233532745168304,0.108326123593649,0.0435352294015576,-0.286432131063612,-0.192795711371065,-0.149748065677422,0.000665072451284657,-0.234123736974099,0.12857461601715,-0.0433148811572351,-0.126975689023975,-0.255732364138086,-0.237248693110159,-0.295193970955257,-0.325329197458918,-0.453063184037319,-0.401210983557355,-0.127138218721447,-0.454870975929577,-0.377977613486659,-0.119859064572465,-0.149006906664568
"GSM388392","AD",-0.205768276516089,0.177191124865204,0.010707248045165,-0.301866593714964,-0.169084003864704,-0.122509187553285,0.0151974084349082,-0.136082066805211,0.222389044784302,-0.116843649584942,-0.154086173205333,-0.086879103795215,-0.270985705743685,-0.281290227714246,-0.172984693421475,-0.400924831954171,-0.427062070983335,-0.106234497941615,-0.331082733814864,-0.27715851673763,-0.175046863939133,-0.208874387455407
"GSM388393","AD",-0.25634614612834,0.12903238843653,0.00859102510649921,-0.288336951111766,-0.203098483342248,-0.137769165551968,-0.0402161581682729,-0.370173060746849,0.13061039458659,-0.173920593478853,-0.090684478458788,-0.106696907198796,-0.120668569560438,-0.28104898275372,-0.26070052836411,-0.446626585687798,-0.307210363644052,-0.112450629506037,-0.515858861178723,-0.386473406942665,-0.215570440926829,-0.142094016656633
"GSM388394","AD",-0.278434284537373,0.237573908620789,-0.114862070318938,-0.169640013260213,-0.248286861111533,-0.069595572646017,0.0776250639328572,-0.361911639960443,0.182818376286048,0.068841139663049,-0.0977981574141882,-0.0787150235256138,-0.176045490265195,-0.286350926088257,-0.366942376842716,-0.46282911406657,-0.403255730679297,-0.160295105684996,-0.503973919169732,-0.520685406342541,-0.193522067477615,-0.213831278853941
"GSM388395","AD",-0.305559518997038,0.182976170598716,-0.0269884519116668,-0.216721391086307,-0.256357730794039,-0.16928917017769,-0.0544089572723121,-0.322396482918608,0.087538261075005,-0.264444307895162,-0.119872361438747,-0.174513523690759,-0.196068719954347,-0.230381830791846,-0.411095396998563,-0.404029175531885,-0.275217974357419,-0.0590102781273688,-0.357392090833279,-0.533405629864494,-0.258051337339837,-0.217300358428707
"GSM388396","AD",-0.360738919573401,0.0855516628036005,0.0714948278389048,-0.346518291022061,-0.219334791782767,-0.0273159366155337,0.0400571801251908,-0.307014982437169,0.0807289917847483,0.078936979046477,-0.197644901031324,-0.233331560810982,-0.094532940580874,-0.324624596984715,-0.191014822030871,-0.307081884392868,-0.497895640747039,-0.0579717425322368,-0.434776964155063,-0.550196647030971,-0.277318497114373,-0.268024485889221
"GSM388397","AD",-0.33032044403367,0.0677124208431575,-0.00921570848786564,-0.450635362673722,-0.230885628992835,0.0101803030190041,-0.0554771884811554,-0.421141937784326,-0.0160359086528873,0.0281668423409146,-0.203516787189881,-0.257167259165796,-0.335812642185352,-0.238669862675316,-0.231130619572014,-0.200610242540322,-0.455231802394534,-0.0573951239910901,-0.307792065574187,-0.349860129601447,-0.128826175267325,-0.236247081150942
